osm_id,mean_elevation (m),mean_slope,mean_precipitation (mm),imperviousness_values,flooded,elevation,slope,precipitation,permeability
804329332,3.67,5.27,21.94,169,1,0.01,0.25,6.06,6.79
97246700,5.70,4.22,21.94,147,1,0.02,0.20,6.06,7.21
690881832,2.59,4.29,11.61,93,1,0.01,0.21,2.91,8.24
690904194,4.72,5.73,11.61,79,1,0.02,0.28,2.91,8.50
738401700,2.13,4.86,16.26,67,1,0.01,0.23,4.33,8.73
845483972,3.96,10.25,11.61,65,1,0.02,0.50,2.91,8.77
31518637,4.63,4.05,13.21,65,1,0.02,0.19,3.40,8.77
255207249,5.28,5.16,18.18,63,1,0.02,0.25,4.92,8.80
255220638,4.98,4.54,18.18,61,1,0.02,0.22,4.92,8.84
364410634,5.62,5.81,21.94,58,1,0.02,0.28,6.06,8.90
497363878,10.34,5.72,16.26,52,1,0.04,0.28,4.33,9.01
445667085,9.73,5.62,18.97,47,1,0.04,0.27,5.15,9.11
237415488,8.75,6.51,25.06,43,1,0.03,0.31,7.01,9.18
542413533,7.03,5.21,16.26,36,1,0.03,0.25,4.33,9.32
477878013,9.73,5.65,19.30,35,1,0.04,0.27,5.26,9.34
398868140,2.16,5.10,21.94,34,1,0.01,0.25,6.06,9.35
722979843,4.91,6.35,11.61,29,1,0.02,0.31,2.91,9.45
878202158,649.62,32.47,10.38,25,1,2.58,1.59,2.54,9.53
497372375,5.90,5.59,19.30,23,1,0.02,0.27,5.26,9.56
1040126655,13.68,9.18,23.12,21,1,0.05,0.45,6.42,9.60
495355196,7.50,5.89,23.24,21,1,0.03,0.28,6.46,9.60
618876467,4.71,4.49,10.33,20,1,0.02,0.22,2.52,9.62
398487194,895.44,34.17,6.99,16,1,3.56,1.67,1.51,9.70
860968194,7.98,8.08,16.26,16,1,0.03,0.39,4.33,9.70
493838510,2.92,6.25,16.26,15,1,0.01,0.30,4.33,9.72
622626875,5.74,10.89,16.26,15,1,0.02,0.53,4.33,9.72
31716707,1116.73,39.82,11.18,13,1,4.44,1.95,2.78,9.75
254100551,8.18,3.46,15.09,12,1,0.03,0.17,3.97,9.77
632408042,15.73,5.25,15.66,10,1,0.06,0.25,4.15,9.81
849393478,5.47,8.85,28.45,10,1,0.02,0.43,8.04,9.81
318518442,10.06,5.77,14.06,8,1,0.04,0.28,3.66,9.85
852317578,12.60,6.78,23.87,8,1,0.05,0.33,6.65,9.85
849623457,6.07,5.18,18.18,7,1,0.02,0.25,4.92,9.87
255220655,4.15,6.78,23.24,7,1,0.02,0.33,6.46,9.87
255207246,3.31,6.98,23.24,7,1,0.01,0.34,6.46,9.87
97249195,3.34,4.48,10.33,6,1,0.01,0.21,2.52,9.89
236150735,6.63,10.42,21.68,6,1,0.03,0.51,5.98,9.89
367216165,1.67,2.32,21.98,6,1,0.01,0.11,6.07,9.89
270573606,508.72,42.78,11.54,5,1,2.02,2.09,2.89,9.91
1039041444,1.67,5.85,21.94,5,1,0.01,0.28,6.06,9.91
494354336,6.90,6.17,16.26,4,1,0.03,0.30,4.33,9.92
209961793,2.93,6.65,16.26,4,1,0.01,0.32,4.33,9.92
533940290,22.18,8.42,17.42,4,1,0.09,0.41,4.68,9.92
632797554,1.91,6.33,19.19,4,1,0.01,0.31,5.22,9.92
1046590091,8.21,4.04,19.74,4,1,0.03,0.19,5.39,9.92
922702294,8.14,5.40,21.98,4,1,0.03,0.26,6.07,9.92
495355194,7.00,6.82,23.24,4,1,0.03,0.33,6.46,9.92
738204197,13.68,8.43,28.88,4,1,0.05,0.41,8.18,9.92
222476237,4.17,11.34,10.33,3,1,0.02,0.55,2.52,9.94
899398182,5.58,3.57,17.00,3,1,0.02,0.17,4.56,9.94
255220649,3.29,6.79,18.18,3,1,0.01,0.33,4.92,9.94
50905190,5.35,2.90,21.27,3,1,0.02,0.14,5.86,9.94
798882788,3.00,3.12,28.46,3,1,0.01,0.15,8.05,9.94
1061585349,4.26,6.84,16.26,2,1,0.02,0.33,4.33,9.96
1134918813,4.67,9.89,17.01,2,1,0.02,0.48,4.56,9.96
255207240,4.86,6.39,18.18,2,1,0.02,0.31,4.92,9.96
495360562,9.64,3.88,21.98,2,1,0.04,0.19,6.07,9.96
190895915,5.69,4.30,12.58,1,1,0.02,0.21,3.21,9.98
270574785,16.92,7.42,15.55,1,1,0.07,0.36,4.11,9.98
847600318,5.00,6.09,16.26,1,1,0.02,0.29,4.33,9.98
968050287,19.82,6.39,17.11,1,1,0.08,0.31,4.59,9.98
596503968,8.70,6.54,21.55,1,1,0.03,0.32,5.94,9.98
310393611,2187.70,26.07,2.39,0,1,8.69,1.27,0.10,10.00
962885650,1273.11,32.95,3.37,0,1,5.06,1.61,0.40,10.00
838227571,1700.16,31.94,3.47,0,1,6.75,1.56,0.43,10.00
804698541,1832.75,38.18,3.47,0,1,7.28,1.87,0.43,10.00
887989125,2184.12,22.74,3.59,0,1,8.68,1.11,0.47,10.00
849304316,1764.00,31.97,4.19,0,1,7.01,1.56,0.65,10.00
795881099,1924.64,41.60,4.19,0,1,7.65,2.04,0.65,10.00
963389513,1710.33,55.31,4.19,0,1,6.79,2.71,0.65,10.00
849303522,1927.00,60.39,4.19,0,1,7.65,2.96,0.65,10.00
622263035,2089.95,30.98,4.45,0,1,8.30,1.51,0.73,10.00
622275464,1849.24,37.39,4.45,0,1,7.35,1.83,0.73,10.00
622170696,1935.73,40.79,4.45,0,1,7.69,2.00,0.73,10.00
622687681,993.69,32.33,4.62,0,1,3.95,1.58,0.78,10.00
667554976,964.64,20.86,4.67,0,1,3.83,1.02,0.80,10.00
619759320,3.37,4.38,5.16,0,1,0.01,0.21,0.95,10.00
619543503,5.56,4.75,5.16,0,1,0.02,0.23,0.95,10.00
50917811,2504.38,21.19,5.98,0,1,9.95,1.03,1.20,10.00
888350314,1411.41,140.52,6.19,0,1,5.61,6.89,1.26,10.00
622820773,1659.65,22.41,6.93,0,1,6.59,1.09,1.49,10.00
804581594,1634.87,24.18,6.93,0,1,6.49,1.18,1.49,10.00
328824796,1685.04,34.69,6.93,0,1,6.69,1.70,1.49,10.00
1076792663,2137.25,35.11,6.93,0,1,8.49,1.72,1.49,10.00
804538286,1660.72,35.91,6.93,0,1,6.60,1.76,1.49,10.00
805251722,1690.44,57.27,6.93,0,1,6.71,2.80,1.49,10.00
805251723,1684.00,87.50,6.93,0,1,6.69,4.29,1.49,10.00
618467048,979.98,33.65,7.00,0,1,3.89,1.65,1.51,10.00
839212326,2167.88,27.65,7.18,0,1,8.61,1.35,1.56,10.00
795191612,1267.65,20.35,7.32,0,1,5.04,0.99,1.61,10.00
963387137,1312.29,46.70,7.32,0,1,5.21,2.29,1.61,10.00
622623623,1469.99,31.49,7.47,0,1,5.84,1.54,1.65,10.00
618509502,2507.41,22.18,7.76,0,1,9.96,1.08,1.74,10.00
618509513,1799.50,28.74,7.76,0,1,7.15,1.40,1.74,10.00
849313214,1682.00,32.12,7.76,0,1,6.68,1.57,1.74,10.00
623158313,1877.70,26.60,7.94,0,1,7.46,1.30,1.79,10.00
964686688,1266.95,31.74,7.94,0,1,5.03,1.55,1.79,10.00
623158328,1849.57,46.06,7.94,0,1,7.35,2.25,1.79,10.00
876376216,1327.62,49.00,7.94,0,1,5.27,2.40,1.79,10.00
868339288,349.57,52.04,8.14,0,1,1.39,2.55,1.86,10.00
200675381,1450.78,42.94,8.18,0,1,5.76,2.10,1.87,10.00
187111301,2126.21,35.68,8.24,0,1,8.45,1.75,1.89,10.00
801346364,949.04,31.75,8.30,0,1,3.77,1.55,1.90,10.00
618073660,695.13,22.04,8.30,0,1,2.76,1.08,1.90,10.00
927023974,733.65,22.49,8.30,0,1,2.91,1.10,1.90,10.00
963342971,594.14,24.42,8.30,0,1,2.36,1.19,1.90,10.00
616374271,526.68,28.70,8.30,0,1,2.09,1.40,1.90,10.00
963343678,793.38,56.47,8.30,0,1,3.15,2.76,1.90,10.00
964684430,2094.43,31.56,8.31,0,1,8.32,1.54,1.91,10.00
616547562,1852.15,33.42,8.31,0,1,7.36,1.63,1.91,10.00
622263052,2051.92,36.03,8.31,0,1,8.15,1.76,1.91,10.00
308306301,759.40,24.26,8.32,0,1,3.02,1.18,1.91,10.00
617138004,967.76,23.26,8.35,0,1,3.84,1.14,1.92,10.00
617138000,883.12,34.98,8.35,0,1,3.51,1.71,1.92,10.00
622921622,764.68,35.59,8.35,0,1,3.04,1.74,1.92,10.00
667052749,980.53,22.97,8.44,0,1,3.89,1.12,1.95,10.00
622924364,1017.45,25.40,8.44,0,1,4.04,1.24,1.95,10.00
666783307,883.80,25.51,8.44,0,1,3.51,1.25,1.95,10.00
616239555,913.40,29.27,8.44,0,1,3.63,1.43,1.95,10.00
617178039,922.10,29.56,8.44,0,1,3.66,1.44,1.95,10.00
398668782,860.23,29.41,8.95,0,1,3.42,1.44,2.10,10.00
864983752,1902.30,42.28,9.16,0,1,7.56,2.07,2.17,10.00
839060506,2240.50,44.27,9.16,0,1,8.90,2.17,2.17,10.00
878923074,1872.57,52.08,9.16,0,1,7.44,2.55,2.17,10.00
338083492,607.53,55.30,9.17,0,1,2.41,2.71,2.17,10.00
616603923,943.73,20.79,9.24,0,1,3.75,1.01,2.19,10.00
622546774,1778.84,16.41,9.31,0,1,7.07,0.80,2.21,10.00
622546745,1820.54,21.40,9.31,0,1,7.23,1.04,2.21,10.00
622546765,1842.35,23.74,9.31,0,1,7.32,1.16,2.21,10.00
50917824,1884.67,26.69,9.31,0,1,7.49,1.30,2.21,10.00
965011321,1888.73,29.99,9.31,0,1,7.50,1.47,2.21,10.00
328809199,1922.88,30.34,9.31,0,1,7.64,1.48,2.21,10.00
619214543,1887.41,37.79,9.31,0,1,7.50,1.85,2.21,10.00
618444424,821.41,35.99,9.34,0,1,3.26,1.76,2.22,10.00
4747828,729.88,69.37,9.34,0,1,2.90,3.40,2.22,10.00
50917804,2357.90,30.53,9.39,0,1,9.37,1.49,2.24,10.00
962975378,249.02,32.01,9.53,0,1,0.99,1.56,2.28,10.00
962975383,338.50,43.97,9.53,0,1,1.34,2.15,2.28,10.00
962975382,345.38,49.35,9.53,0,1,1.37,2.42,2.28,10.00
618341054,593.12,50.12,9.53,0,1,2.36,2.45,2.28,10.00
962975387,1063.76,51.36,9.53,0,1,4.23,2.51,2.28,10.00
962975369,514.22,51.76,9.53,0,1,2.04,2.53,2.28,10.00
886610930,329.38,54.12,9.68,0,1,1.31,2.65,2.32,10.00
847105116,618.35,62.67,9.68,0,1,2.46,3.07,2.32,10.00
793939442,715.58,46.21,9.77,0,1,2.84,2.26,2.35,10.00
622916993,1945.31,30.78,9.96,0,1,7.73,1.50,2.41,10.00
618750477,1821.91,31.04,9.96,0,1,7.24,1.52,2.41,10.00
622916965,1720.10,38.10,9.96,0,1,6.83,1.86,2.41,10.00
855477589,310.70,51.55,10.02,0,1,1.23,2.52,2.43,10.00
617649255,1047.38,35.15,10.03,0,1,4.16,1.72,2.43,10.00
804890668,1260.47,37.51,10.24,0,1,5.01,1.83,2.50,10.00
957936024,193.72,66.24,10.31,0,1,0.77,3.24,2.52,10.00
1029330806,5.41,3.61,10.33,0,1,0.02,0.17,2.52,10.00
618910574,4.00,4.03,10.33,0,1,0.02,0.19,2.52,10.00
623802649,2.92,4.06,10.33,0,1,0.01,0.19,2.52,10.00
619757307,1.73,4.89,10.33,0,1,0.01,0.23,2.52,10.00
623802650,2.00,5.61,10.33,0,1,0.01,0.27,2.52,10.00
1029330808,2.35,6.21,10.33,0,1,0.01,0.30,2.52,10.00
671926177,880.41,19.86,10.75,0,1,3.50,0.97,2.65,10.00
1173042964,957.38,39.43,10.75,0,1,3.80,1.93,2.65,10.00
289022443,1740.46,35.37,10.77,0,1,6.91,1.73,2.66,10.00
870859456,1633.75,36.17,10.79,0,1,6.49,1.77,2.66,10.00
665680729,657.20,36.52,10.83,0,1,2.61,1.79,2.67,10.00
665680741,638.17,37.80,10.83,0,1,2.53,1.85,2.67,10.00
238532076,3.53,4.77,10.97,0,1,0.01,0.23,2.72,10.00
622298201,1630.27,31.10,11.01,0,1,6.48,1.52,2.73,10.00
616740963,894.59,18.63,11.04,0,1,3.55,0.91,2.74,10.00
222678352,795.91,29.49,11.04,0,1,3.16,1.44,2.74,10.00
623553778,1104.13,29.28,11.18,0,1,4.39,1.43,2.78,10.00
804924316,1142.63,41.14,11.18,0,1,4.54,2.01,2.78,10.00
618192396,614.10,18.84,11.19,0,1,2.44,0.92,2.78,10.00
31716361,1124.19,28.73,11.20,0,1,4.47,1.40,2.79,10.00
596727242,802.52,29.83,11.22,0,1,3.19,1.46,2.79,10.00
623390485,1022.09,28.94,11.29,0,1,4.06,1.41,2.82,10.00
435284007,1090.20,26.02,11.43,0,1,4.33,1.27,2.86,10.00
688302088,1089.57,28.09,11.43,0,1,4.33,1.37,2.86,10.00
838578141,2143.91,38.05,11.43,0,1,8.52,1.86,2.86,10.00
622285637,1709.94,30.00,11.50,0,1,6.79,1.47,2.88,10.00
848118067,818.74,22.45,11.51,0,1,3.25,1.10,2.88,10.00
799399391,811.36,23.64,11.51,0,1,3.22,1.15,2.88,10.00
848150892,810.38,24.51,11.51,0,1,3.22,1.20,2.88,10.00
848145542,807.82,27.25,11.51,0,1,3.21,1.33,2.88,10.00
857207950,866.42,28.87,11.51,0,1,3.44,1.41,2.88,10.00
623251905,941.52,32.85,11.51,0,1,3.74,1.61,2.88,10.00
623374897,891.08,33.52,11.51,0,1,3.54,1.64,2.88,10.00
848090054,863.57,34.19,11.51,0,1,3.43,1.67,2.88,10.00
848153352,855.92,44.80,11.51,0,1,3.40,2.19,2.88,10.00
848096383,908.27,46.03,11.51,0,1,3.61,2.25,2.88,10.00
848089658,870.92,50.86,11.51,0,1,3.46,2.49,2.88,10.00
848098316,939.67,52.51,11.51,0,1,3.73,2.57,2.88,10.00
159793334,536.87,43.70,11.51,0,1,2.13,2.14,2.88,10.00
623313069,947.36,47.54,11.60,0,1,3.76,2.33,2.91,10.00
1051235639,3.50,4.01,11.61,0,1,0.01,0.19,2.91,10.00
619418348,1.58,4.30,11.61,0,1,0.01,0.21,2.91,10.00
792242109,2.25,7.51,11.61,0,1,0.01,0.36,2.91,10.00
619418349,4.15,7.62,11.61,0,1,0.02,0.37,2.91,10.00
804858878,840.26,25.62,11.70,0,1,3.34,1.25,2.94,10.00
622946083,925.00,31.20,11.70,0,1,3.67,1.53,2.94,10.00
623030242,867.56,32.68,11.70,0,1,3.45,1.60,2.94,10.00
616817950,855.69,33.33,11.70,0,1,3.40,1.63,2.94,10.00
804858879,831.50,36.50,11.70,0,1,3.30,1.79,2.94,10.00
617336882,861.34,20.54,11.73,0,1,3.42,1.00,2.95,10.00
623553711,892.22,27.12,11.87,0,1,3.54,1.33,2.99,10.00
397302222,914.03,29.53,11.87,0,1,3.63,1.44,2.99,10.00
618980775,1925.50,27.59,11.99,0,1,7.65,1.35,3.03,10.00
622916989,1942.88,28.55,11.99,0,1,7.72,1.40,3.03,10.00
858206104,1736.20,28.67,11.99,0,1,6.90,1.40,3.03,10.00
619202549,1942.78,35.46,11.99,0,1,7.72,1.73,3.03,10.00
622298198,1885.80,35.85,11.99,0,1,7.49,1.75,3.03,10.00
622285623,2025.17,36.23,11.99,0,1,8.04,1.77,3.03,10.00
622285625,1974.30,36.29,11.99,0,1,7.84,1.77,3.03,10.00
622916980,1713.26,37.59,11.99,0,1,6.81,1.84,3.03,10.00
371748279,721.31,22.15,12.25,0,1,2.87,1.08,3.11,10.00
665201547,716.08,28.73,12.25,0,1,2.84,1.40,3.11,10.00
668547059,413.82,35.21,12.25,0,1,1.64,1.72,3.11,10.00
668547052,438.65,46.14,12.25,0,1,1.74,2.26,3.11,10.00
962618689,516.00,54.81,12.25,0,1,2.05,2.68,3.11,10.00
617360435,487.15,36.49,12.38,0,1,1.94,1.78,3.15,10.00
962297030,739.25,62.46,12.38,0,1,2.94,3.06,3.15,10.00
378103136,993.03,31.45,12.39,0,1,3.94,1.54,3.15,10.00
623324952,1038.62,36.13,12.39,0,1,4.13,1.77,3.15,10.00
618151421,412.32,31.71,12.45,0,1,1.64,1.55,3.17,10.00
622934729,865.41,32.85,12.51,0,1,3.44,1.61,3.19,10.00
617341426,600.52,37.42,12.51,0,1,2.39,1.83,3.19,10.00
928741765,853.00,44.90,12.51,0,1,3.39,2.20,3.19,10.00
868265624,335.38,48.05,12.51,0,1,1.33,2.35,3.19,10.00
668563138,294.48,54.25,12.51,0,1,1.17,2.66,3.19,10.00
961952455,820.20,55.90,12.51,0,1,3.26,2.74,3.19,10.00
668563136,554.83,59.48,12.51,0,1,2.20,2.91,3.19,10.00
961951619,575.61,64.27,12.51,0,1,2.29,3.15,3.19,10.00
961953196,754.33,68.93,12.51,0,1,3.00,3.38,3.19,10.00
668952634,440.53,51.88,12.53,0,1,1.75,2.54,3.19,10.00
962146075,327.04,39.62,12.55,0,1,1.30,1.94,3.20,10.00
962146077,331.00,50.72,12.55,0,1,1.31,2.48,3.20,10.00
853001840,4.88,4.89,12.58,0,1,0.02,0.24,3.21,10.00
960788211,1.60,5.08,12.58,0,1,0.01,0.24,3.21,10.00
363268640,7.67,11.49,12.58,0,1,0.03,0.56,3.21,10.00
623282978,1002.79,20.11,12.67,0,1,3.98,0.98,3.24,10.00
623275810,1001.75,42.44,12.67,0,1,3.98,2.08,3.24,10.00
617956854,529.44,30.53,12.92,0,1,2.10,1.49,3.31,10.00
844576960,1949.45,28.30,13.02,0,1,7.74,1.38,3.34,10.00
100521984,2.77,7.25,13.04,0,1,0.01,0.35,3.35,10.00
363634739,5.00,9.34,13.04,0,1,0.02,0.45,3.35,10.00
934913980,3.53,5.07,13.07,0,1,0.01,0.24,3.36,10.00
934910893,2.33,6.09,13.07,0,1,0.01,0.29,3.36,10.00
619461169,4.88,6.87,13.07,0,1,0.02,0.33,3.36,10.00
672963089,1098.97,15.75,13.07,0,1,4.37,0.77,3.36,10.00
798038543,1026.03,31.04,13.07,0,1,4.08,1.52,3.36,10.00
672963102,1083.99,32.90,13.07,0,1,4.31,1.61,3.36,10.00
797981870,1072.53,39.58,13.07,0,1,4.26,1.94,3.36,10.00
623195058,740.45,20.10,13.12,0,1,2.94,0.98,3.37,10.00
810830267,840.55,21.43,13.12,0,1,3.34,1.05,3.37,10.00
849273476,2.14,6.17,13.21,0,1,0.01,0.30,3.40,10.00
616821567,841.45,23.39,13.24,0,1,3.34,1.14,3.41,10.00
856346919,954.84,26.87,13.24,0,1,3.79,1.31,3.41,10.00
50917806,1903.13,29.44,13.36,0,1,7.56,1.44,3.45,10.00
622981537,293.82,44.50,13.37,0,1,1.17,2.18,3.45,10.00
617705605,1121.50,15.53,13.51,0,1,4.45,0.76,3.49,10.00
623031250,1133.70,20.86,13.54,0,1,4.50,1.02,3.50,10.00
189017822,354.84,24.01,13.61,0,1,1.41,1.17,3.52,10.00
623313038,927.67,47.23,13.65,0,1,3.68,2.31,3.53,10.00
619764173,4.39,6.48,13.71,0,1,0.02,0.31,3.55,10.00
835805748,1939.05,22.51,13.71,0,1,7.70,1.10,3.55,10.00
839846490,2000.80,27.82,13.71,0,1,7.95,1.36,3.55,10.00
839860604,1768.88,29.91,13.71,0,1,7.03,1.46,3.55,10.00
840940195,1874.00,33.83,13.71,0,1,7.44,1.65,3.55,10.00
835063855,1779.97,43.73,13.71,0,1,7.07,2.14,3.55,10.00
842457071,1811.00,48.33,13.71,0,1,7.19,2.37,3.55,10.00
842489607,1773.00,48.77,13.71,0,1,7.04,2.39,3.55,10.00
837955881,1835.56,53.24,13.71,0,1,7.29,2.61,3.55,10.00
797258618,1107.73,35.42,13.77,0,1,4.40,1.73,3.57,10.00
886609466,45.03,6.31,13.78,0,1,0.18,0.30,3.57,10.00
962675587,172.13,42.40,13.78,0,1,0.68,2.07,3.57,10.00
961999939,166.15,45.69,13.78,0,1,0.66,2.24,3.57,10.00
866276230,865.38,42.28,13.94,0,1,3.44,2.07,3.62,10.00
618476065,1634.11,28.15,14.04,0,1,6.49,1.38,3.65,10.00
622665046,1638.67,28.40,14.04,0,1,6.51,1.39,3.65,10.00
618476062,1780.41,38.03,14.04,0,1,7.07,1.86,3.65,10.00
288813708,1576.58,26.76,14.06,0,1,6.26,1.31,3.66,10.00
288813710,1520.51,26.90,14.06,0,1,6.04,1.31,3.66,10.00
889544209,1624.48,30.06,14.06,0,1,6.45,1.47,3.66,10.00
848668844,1877.00,30.82,14.06,0,1,7.46,1.51,3.66,10.00
50917802,2128.59,35.00,14.06,0,1,8.46,1.71,3.66,10.00
848668843,1898.83,35.75,14.06,0,1,7.54,1.75,3.66,10.00
623163678,1722.25,35.94,14.06,0,1,6.84,1.76,3.66,10.00
876223486,1559.39,38.24,14.06,0,1,6.19,1.87,3.66,10.00
863662835,1710.95,39.59,14.06,0,1,6.80,1.94,3.66,10.00
889546306,1555.43,41.00,14.06,0,1,6.18,2.01,3.66,10.00
848668842,1858.61,43.87,14.06,0,1,7.38,2.15,3.66,10.00
1074097807,4.67,7.88,14.06,0,1,0.02,0.38,3.66,10.00
794478107,326.93,45.49,14.31,0,1,1.30,2.23,3.74,10.00
798085255,895.99,44.64,14.72,0,1,3.56,2.18,3.86,10.00
623031260,909.22,50.64,14.72,0,1,3.61,2.48,3.86,10.00
622936051,1033.13,35.23,14.78,0,1,4.10,1.72,3.88,10.00
835275878,7.25,8.91,15.09,0,1,0.03,0.43,3.97,10.00
623044689,739.00,12.96,15.17,0,1,2.94,0.63,4.00,10.00
623044563,758.81,21.87,15.17,0,1,3.01,1.07,4.00,10.00
1170482834,806.20,28.83,15.17,0,1,3.20,1.41,4.00,10.00
799354026,1537.47,31.42,15.21,0,1,6.11,1.54,4.01,10.00
623374696,994.35,30.06,15.28,0,1,3.95,1.47,4.03,10.00
752994134,1514.47,28.37,15.43,0,1,6.02,1.39,4.08,10.00
656888762,341.28,32.72,15.55,0,1,1.36,1.60,4.11,10.00
955620927,11.60,4.55,15.55,0,1,0.05,0.22,4.11,10.00
959972591,10.44,5.14,15.55,0,1,0.04,0.25,4.11,10.00
795740067,9.06,5.61,15.55,0,1,0.04,0.27,4.11,10.00
955620931,14.85,8.40,15.55,0,1,0.06,0.41,4.11,10.00
956485037,7.14,9.01,15.55,0,1,0.03,0.44,4.11,10.00
389545230,26.14,10.63,15.55,0,1,0.10,0.52,4.11,10.00
786250364,7.25,12.01,15.55,0,1,0.03,0.58,4.11,10.00
305624383,29.70,7.37,15.64,0,1,0.12,0.36,4.14,10.00
802090835,16.00,5.72,15.66,0,1,0.06,0.28,4.15,10.00
1136511249,20.60,14.62,15.70,0,1,0.08,0.71,4.16,10.00
1136511250,29.43,15.57,15.70,0,1,0.12,0.76,4.16,10.00
623214778,5.00,2.48,16.26,0,1,0.02,0.12,4.33,10.00
1188631284,3.50,3.43,16.26,0,1,0.01,0.16,4.33,10.00
986921145,2.13,4.71,16.26,0,1,0.01,0.23,4.33,10.00
622626529,3.19,5.73,16.26,0,1,0.01,0.28,4.33,10.00
494339529,6.84,5.89,16.26,0,1,0.03,0.28,4.33,10.00
1188631276,5.41,8.33,16.26,0,1,0.02,0.40,4.33,10.00
493838516,8.33,9.23,16.26,0,1,0.03,0.45,4.33,10.00
493838515,6.33,12.71,16.26,0,1,0.03,0.62,4.33,10.00
623163670,1526.19,25.78,16.36,0,1,6.06,1.26,4.36,10.00
764123790,1475.30,27.05,16.36,0,1,5.86,1.32,4.36,10.00
623163647,1578.50,29.68,16.36,0,1,6.27,1.45,4.36,10.00
799354027,1505.70,29.80,16.36,0,1,5.98,1.46,4.36,10.00
838278909,1475.33,35.08,16.36,0,1,5.86,1.72,4.36,10.00
838278910,1499.09,59.69,16.36,0,1,5.95,2.92,4.36,10.00
798373949,1493.92,66.23,16.36,0,1,5.93,3.24,4.36,10.00
797258616,890.08,29.06,16.36,0,1,3.54,1.42,4.36,10.00
962325523,997.11,47.81,16.36,0,1,3.96,2.34,4.36,10.00
964170564,960.71,45.94,16.52,0,1,3.82,2.25,4.41,10.00
616603926,909.42,27.89,16.53,0,1,3.61,1.36,4.41,10.00
800642009,5.36,4.86,16.61,0,1,0.02,0.23,4.44,10.00
890155984,19.56,9.00,16.61,0,1,0.08,0.44,4.44,10.00
854150769,5.00,11.70,16.61,0,1,0.02,0.57,4.44,10.00
45725747,7.14,15.70,16.61,0,1,0.03,0.76,4.44,10.00
389540477,17.29,18.43,16.61,0,1,0.07,0.90,4.44,10.00
622927380,795.75,24.19,16.77,0,1,3.16,1.18,4.48,10.00
617256502,455.46,34.91,16.78,0,1,1.81,1.71,4.49,10.00
962975371,357.19,43.29,16.78,0,1,1.42,2.12,4.49,10.00
622625400,2.08,2.36,17.00,0,1,0.01,0.11,4.56,10.00
622625455,2.74,2.71,17.00,0,1,0.01,0.13,4.56,10.00
622675590,1.46,3.38,17.00,0,1,0.01,0.16,4.56,10.00
622660795,6.91,3.40,17.00,0,1,0.03,0.16,4.56,10.00
435643313,5.26,3.74,17.00,0,1,0.02,0.18,4.56,10.00
435456362,3.50,3.87,17.00,0,1,0.01,0.18,4.56,10.00
751051187,4.47,5.13,17.00,0,1,0.02,0.25,4.56,10.00
972231230,5.23,5.53,17.00,0,1,0.02,0.27,4.56,10.00
750745699,8.45,5.83,17.00,0,1,0.03,0.28,4.56,10.00
751051174,4.33,5.92,17.00,0,1,0.02,0.29,4.56,10.00
750665187,4.30,6.97,17.00,0,1,0.02,0.34,4.56,10.00
1005587409,7.09,7.79,17.00,0,1,0.03,0.38,4.56,10.00
849253051,9.14,7.13,17.01,0,1,0.04,0.34,4.56,10.00
800316564,17.83,5.83,17.11,0,1,0.07,0.28,4.59,10.00
956141894,9.17,13.77,17.14,0,1,0.04,0.67,4.60,10.00
842451383,1980.85,13.79,17.15,0,1,7.87,0.67,4.60,10.00
622946862,716.50,8.29,17.22,0,1,2.85,0.40,4.62,10.00
596783097,752.04,12.58,17.22,0,1,2.99,0.61,4.62,10.00
623195216,742.64,13.22,17.22,0,1,2.95,0.64,4.62,10.00
617800005,775.27,13.83,17.22,0,1,3.08,0.67,4.62,10.00
622946802,735.71,17.32,17.22,0,1,2.92,0.84,4.62,10.00
622946857,718.50,18.46,17.22,0,1,2.85,0.90,4.62,10.00
632407466,4.83,5.98,17.28,0,1,0.02,0.29,4.64,10.00
616211049,515.20,17.22,17.31,0,1,2.05,0.84,4.65,10.00
953984180,707.15,31.19,17.31,0,1,2.81,1.52,4.65,10.00
398668785,496.93,33.07,17.31,0,1,1.97,1.62,4.65,10.00
876488437,673.03,41.97,17.31,0,1,2.67,2.05,4.65,10.00
963363563,670.58,50.55,17.31,0,1,2.66,2.47,4.65,10.00
962945702,386.71,57.71,17.31,0,1,1.54,2.83,4.65,10.00
878000256,1826.00,32.63,17.32,0,1,7.25,1.60,4.65,10.00
963113781,1012.79,54.58,17.32,0,1,4.02,2.67,4.65,10.00
835732061,1643.76,30.02,17.37,0,1,6.53,1.47,4.67,10.00
963106480,599.10,32.24,17.55,0,1,2.38,1.58,4.72,10.00
364402028,5.00,6.56,17.59,0,1,0.02,0.32,4.74,10.00
886053827,23.22,9.29,17.62,0,1,0.09,0.45,4.74,10.00
622946859,735.50,20.41,17.64,0,1,2.92,1.00,4.75,10.00
616504560,3.72,7.74,17.89,0,1,0.01,0.37,4.82,10.00
622937239,608.17,20.17,17.91,0,1,2.42,0.98,4.83,10.00
622937223,632.36,28.43,17.91,0,1,2.51,1.39,4.83,10.00
398648110,603.52,30.26,17.91,0,1,2.40,1.48,4.83,10.00
798460150,469.91,32.70,17.91,0,1,1.87,1.60,4.83,10.00
955862119,21.69,8.32,17.94,0,1,0.09,0.40,4.84,10.00
800642008,14.76,19.11,17.94,0,1,0.06,0.93,4.84,10.00
623195150,846.91,27.90,18.06,0,1,3.36,1.36,4.88,10.00
848303904,940.51,40.95,18.06,0,1,3.74,2.00,4.88,10.00
1058840681,4.00,7.54,18.18,0,1,0.02,0.36,4.92,10.00
889997012,4.00,9.08,18.18,0,1,0.02,0.44,4.92,10.00
45732255,512.58,26.64,18.71,0,1,2.04,1.30,5.08,10.00
889511052,26.14,8.49,18.85,0,1,0.10,0.41,5.12,10.00
397978154,554.02,34.82,18.89,0,1,2.20,1.70,5.13,10.00
622626499,3.10,9.14,18.97,0,1,0.01,0.44,5.15,10.00
963113553,1257.34,45.45,19.00,0,1,4.99,2.22,5.16,10.00
623261726,15.85,5.68,19.19,0,1,0.06,0.27,5.22,10.00
364345828,13.00,7.05,19.19,0,1,0.05,0.34,5.22,10.00
637743438,25.18,7.13,19.28,0,1,0.10,0.34,5.25,10.00
533940296,25.26,9.04,19.28,0,1,0.10,0.44,5.25,10.00
847041425,4.57,3.30,19.30,0,1,0.02,0.16,5.26,10.00
849390149,1.63,4.30,19.30,0,1,0.01,0.21,5.26,10.00
847041427,5.00,5.24,19.30,0,1,0.02,0.25,5.26,10.00
847041424,1.50,5.49,19.30,0,1,0.01,0.26,5.26,10.00
618312437,648.05,24.34,19.37,0,1,2.57,1.19,5.28,10.00
1052467862,1163.15,19.23,19.85,0,1,4.62,0.94,5.42,10.00
962457110,617.63,40.46,19.88,0,1,2.45,1.98,5.43,10.00
619217468,1224.14,21.79,20.36,0,1,4.86,1.06,5.58,10.00
498196759,1467.13,45.27,20.36,0,1,5.83,2.22,5.58,10.00
962939536,439.55,54.56,20.52,0,1,1.75,2.67,5.63,10.00
922791856,2.00,0.31,20.55,0,1,0.01,0.01,5.64,10.00
902938725,2.22,1.57,20.55,0,1,0.01,0.07,5.64,10.00
50905191,6.30,2.16,20.55,0,1,0.02,0.10,5.64,10.00
289361336,10.02,2.87,20.55,0,1,0.04,0.14,5.64,10.00
622156342,6.56,6.63,20.55,0,1,0.03,0.32,5.64,10.00
890049608,1650.61,35.82,20.67,0,1,6.56,1.75,5.67,10.00
890049610,1660.50,51.59,20.67,0,1,6.60,2.53,5.67,10.00
890049609,1639.00,62.73,20.67,0,1,6.51,3.07,5.67,10.00
389547596,11.00,9.13,20.88,0,1,0.04,0.44,5.74,10.00
963152741,933.10,36.17,21.16,0,1,3.71,1.77,5.82,10.00
1177516207,3.75,2.12,21.55,0,1,0.01,0.10,5.94,10.00
1168473789,3.00,4.02,21.55,0,1,0.01,0.19,5.94,10.00
995468350,3.64,4.25,21.55,0,1,0.01,0.20,5.94,10.00
995468352,1.60,7.25,21.55,0,1,0.01,0.35,5.94,10.00
1177536624,2.50,11.41,21.55,0,1,0.01,0.55,5.94,10.00
849393490,2.78,3.33,21.68,0,1,0.01,0.16,5.98,10.00
622626837,2.00,3.34,21.68,0,1,0.01,0.16,5.98,10.00
622626533,5.70,3.77,21.68,0,1,0.02,0.18,5.98,10.00
917324956,4.10,3.79,21.68,0,1,0.02,0.18,5.98,10.00
633164800,2.63,3.98,21.68,0,1,0.01,0.19,5.98,10.00
803650791,1.47,5.25,21.68,0,1,0.01,0.25,5.98,10.00
490362564,10.60,5.64,21.68,0,1,0.04,0.27,5.98,10.00
786492582,3.21,5.94,21.68,0,1,0.01,0.29,5.98,10.00
960677063,3.38,6.68,21.68,0,1,0.01,0.32,5.98,10.00
917324957,2.00,9.89,21.68,0,1,0.01,0.48,5.98,10.00
618922924,981.52,22.08,21.72,0,1,3.90,1.08,5.99,10.00
616910553,1072.69,24.22,21.75,0,1,4.26,1.18,6.00,10.00
962456781,294.37,49.47,21.85,0,1,1.17,2.42,6.03,10.00
962456702,377.44,55.94,21.85,0,1,1.50,2.74,6.03,10.00
618318382,355.24,22.92,21.88,0,1,1.41,1.12,6.04,10.00
364401986,5.89,7.47,21.94,0,1,0.02,0.36,6.06,10.00
894958464,4.62,1.85,21.98,0,1,0.02,0.09,6.07,10.00
755097056,2.93,1.89,21.98,0,1,0.01,0.09,6.07,10.00
622892214,4.45,2.49,21.98,0,1,0.02,0.12,6.07,10.00
367216163,2.09,3.29,21.98,0,1,0.01,0.16,6.07,10.00
633143085,3.81,3.31,21.98,0,1,0.02,0.16,6.07,10.00
759116326,9.09,3.40,21.98,0,1,0.04,0.16,6.07,10.00
958565395,7.90,3.53,21.98,0,1,0.03,0.17,6.07,10.00
367216168,3.95,3.59,21.98,0,1,0.02,0.17,6.07,10.00
902727270,4.10,3.99,21.98,0,1,0.02,0.19,6.07,10.00
736473327,6.33,4.23,21.98,0,1,0.03,0.20,6.07,10.00
902727268,4.67,5.02,21.98,0,1,0.02,0.24,6.07,10.00
472062698,5.30,5.24,21.98,0,1,0.02,0.25,6.07,10.00
759113987,6.57,5.75,21.98,0,1,0.03,0.28,6.07,10.00
759132294,6.93,5.79,21.98,0,1,0.03,0.28,6.07,10.00
471914697,4.05,6.72,21.98,0,1,0.02,0.32,6.07,10.00
101555317,4.84,8.22,21.98,0,1,0.02,0.40,6.07,10.00
958650226,9.00,9.03,21.98,0,1,0.04,0.44,6.07,10.00
367216143,2.96,9.42,21.98,0,1,0.01,0.46,6.07,10.00
280588319,5.12,3.22,22.06,0,1,0.02,0.15,6.10,10.00
963076300,795.84,29.58,22.23,0,1,3.16,1.45,6.15,10.00
963081149,588.18,42.02,22.23,0,1,2.34,2.06,6.15,10.00
773851263,3.17,1.89,22.48,0,1,0.01,0.09,6.23,10.00
892944892,1.55,2.71,22.48,0,1,0.01,0.13,6.23,10.00
773851260,4.18,2.79,22.48,0,1,0.02,0.13,6.23,10.00
692530956,1.93,2.81,22.48,0,1,0.01,0.13,6.23,10.00
749334148,3.50,3.23,22.48,0,1,0.01,0.15,6.23,10.00
622642981,3.21,3.42,22.48,0,1,0.01,0.16,6.23,10.00
754208047,6.43,3.81,22.48,0,1,0.03,0.18,6.23,10.00
750745727,4.38,3.82,22.48,0,1,0.02,0.18,6.23,10.00
888620542,4.00,3.94,22.48,0,1,0.02,0.19,6.23,10.00
622642979,1.50,4.27,22.48,0,1,0.01,0.20,6.23,10.00
739808257,9.00,4.38,22.48,0,1,0.04,0.21,6.23,10.00
977916201,2.70,4.39,22.48,0,1,0.01,0.21,6.23,10.00
755358493,6.27,4.41,22.48,0,1,0.02,0.21,6.23,10.00
694942409,5.52,4.88,22.48,0,1,0.02,0.23,6.23,10.00
756024881,5.53,4.89,22.48,0,1,0.02,0.23,6.23,10.00
822167345,4.80,5.17,22.48,0,1,0.02,0.25,6.23,10.00
694942412,1.43,5.23,22.48,0,1,0.01,0.25,6.23,10.00
997728506,3.19,5.80,22.48,0,1,0.01,0.28,6.23,10.00
770258677,6.55,5.98,22.48,0,1,0.03,0.29,6.23,10.00
935438197,6.56,6.05,22.48,0,1,0.03,0.29,6.23,10.00
622642983,8.12,6.41,22.48,0,1,0.03,0.31,6.23,10.00
694943534,1.75,6.60,22.48,0,1,0.01,0.32,6.23,10.00
623138956,5.33,6.71,22.48,0,1,0.02,0.32,6.23,10.00
692966620,3.00,6.81,22.48,0,1,0.01,0.33,6.23,10.00
754202462,7.25,6.96,22.48,0,1,0.03,0.34,6.23,10.00
849629070,6.67,7.68,22.48,0,1,0.03,0.37,6.23,10.00
739809437,8.00,7.71,22.48,0,1,0.03,0.37,6.23,10.00
598842949,27.43,8.35,22.52,0,1,0.11,0.40,6.24,10.00
616601835,25.11,8.58,22.52,0,1,0.10,0.42,6.24,10.00
955400028,9.68,9.35,22.52,0,1,0.04,0.45,6.24,10.00
804519303,5.37,12.73,22.52,0,1,0.02,0.62,6.24,10.00
101382037,14.08,12.87,22.52,0,1,0.06,0.63,6.24,10.00
804519304,8.00,17.81,22.52,0,1,0.03,0.87,6.24,10.00
917708833,4.50,2.58,22.94,0,1,0.02,0.12,6.36,10.00
236949040,10.23,3.82,22.94,0,1,0.04,0.18,6.36,10.00
927018286,3.00,4.36,22.94,0,1,0.01,0.21,6.36,10.00
960132429,8.36,5.79,22.94,0,1,0.03,0.28,6.36,10.00
917708830,4.94,6.16,22.94,0,1,0.02,0.30,6.36,10.00
960132433,9.00,6.16,22.94,0,1,0.04,0.30,6.36,10.00
887700215,6.00,6.62,22.94,0,1,0.02,0.32,6.36,10.00
917708832,4.25,7.82,22.94,0,1,0.02,0.38,6.36,10.00
960132419,3.42,8.00,22.94,0,1,0.01,0.39,6.36,10.00
437353198,4.60,9.15,22.94,0,1,0.02,0.44,6.36,10.00
609898464,3.17,9.81,22.94,0,1,0.01,0.48,6.36,10.00
960132420,12.69,11.36,22.94,0,1,0.05,0.55,6.36,10.00
632460550,1.71,3.91,22.96,0,1,0.01,0.19,6.37,10.00
960132457,4.23,4.01,22.96,0,1,0.02,0.19,6.37,10.00
483011206,6.50,4.45,22.96,0,1,0.03,0.21,6.37,10.00
364769297,1.43,4.48,22.96,0,1,0.01,0.21,6.37,10.00
842954131,8.89,4.78,22.96,0,1,0.04,0.23,6.37,10.00
847888978,9.11,4.98,22.96,0,1,0.04,0.24,6.37,10.00
364769294,3.68,5.78,22.96,0,1,0.01,0.28,6.37,10.00
960132458,4.45,6.09,22.96,0,1,0.02,0.29,6.37,10.00
632460539,6.36,6.22,22.96,0,1,0.03,0.30,6.37,10.00
632460545,1.57,6.71,22.96,0,1,0.01,0.32,6.37,10.00
470006137,3.56,8.35,22.96,0,1,0.01,0.40,6.37,10.00
665769463,1.50,11.59,22.96,0,1,0.01,0.56,6.37,10.00
401599378,2.64,2.44,23.06,0,1,0.01,0.11,6.40,10.00
958557811,2.38,2.76,23.06,0,1,0.01,0.13,6.40,10.00
100521909,6.87,3.73,23.06,0,1,0.03,0.18,6.40,10.00
788627575,3.31,3.80,23.06,0,1,0.01,0.18,6.40,10.00
369712043,3.86,4.30,23.06,0,1,0.02,0.21,6.40,10.00
804167788,4.15,10.20,23.12,0,1,0.02,0.50,6.42,10.00
804167790,9.29,13.43,23.12,0,1,0.04,0.65,6.42,10.00
622892202,3.54,3.82,23.24,0,1,0.01,0.18,6.46,10.00
558737470,5.92,5.32,23.24,0,1,0.02,0.26,6.46,10.00
983090826,4.68,6.83,23.24,0,1,0.02,0.33,6.46,10.00
1058840680,3.17,7.46,23.24,0,1,0.01,0.36,6.46,10.00
964167709,591.50,59.17,23.34,0,1,2.35,2.90,6.49,10.00
842146762,1.30,5.12,23.62,0,1,0.01,0.25,6.57,10.00
842146761,3.55,6.11,23.62,0,1,0.01,0.29,6.57,10.00
622552901,5.86,4.49,23.63,0,1,0.02,0.22,6.58,10.00
765031541,6.62,10.81,23.63,0,1,0.03,0.53,6.58,10.00
852132564,1476.21,34.34,23.78,0,1,5.86,1.68,6.62,10.00
497172381,10.15,11.93,23.87,0,1,0.04,0.58,6.65,10.00
804602413,7.10,6.36,24.31,0,1,0.03,0.31,6.78,10.00
804595260,1.96,7.25,24.31,0,1,0.01,0.35,6.78,10.00
804595262,2.11,7.69,24.31,0,1,0.01,0.37,6.78,10.00
174907932,172.65,34.89,24.73,0,1,0.69,1.71,6.91,10.00
956652607,2.00,1.58,25.06,0,1,0.01,0.07,7.01,10.00
956652373,1.86,4.16,25.06,0,1,0.01,0.20,7.01,10.00
618473424,896.76,31.53,25.18,0,1,3.56,1.54,7.05,10.00
617560804,188.42,39.65,25.59,0,1,0.75,1.94,7.17,10.00
804167787,2.78,3.98,26.20,0,1,0.01,0.19,7.36,10.00
1172705743,4.00,5.71,26.20,0,1,0.02,0.28,7.36,10.00
803195677,3.44,5.80,26.20,0,1,0.01,0.28,7.36,10.00
783930836,10.52,8.75,26.20,0,1,0.04,0.42,7.36,10.00
790345740,24.68,11.12,26.20,0,1,0.10,0.54,7.36,10.00
804294724,20.99,11.66,26.20,0,1,0.08,0.57,7.36,10.00
804163603,17.53,11.96,26.20,0,1,0.07,0.58,7.36,10.00
804376704,18.78,14.22,26.20,0,1,0.07,0.69,7.36,10.00
616535683,1004.82,29.36,26.37,0,1,3.99,1.43,7.41,10.00
50922911,881.33,13.72,26.89,0,1,3.50,0.67,7.57,10.00
882717997,1550.09,18.32,27.20,0,1,6.16,0.89,7.66,10.00
844438433,1553.95,20.29,27.20,0,1,6.17,0.99,7.66,10.00
882717999,1544.45,23.18,27.20,0,1,6.14,1.13,7.66,10.00
883327451,1585.18,23.67,27.20,0,1,6.30,1.16,7.66,10.00
623054819,1536.51,24.79,27.20,0,1,6.10,1.21,7.66,10.00
860487955,1580.11,25.55,27.20,0,1,6.28,1.25,7.66,10.00
623163686,1554.38,26.39,27.20,0,1,6.17,1.29,7.66,10.00
623163672,1513.92,29.05,27.20,0,1,6.01,1.42,7.66,10.00
893398716,1576.60,30.23,27.20,0,1,6.26,1.48,7.66,10.00
890801747,1556.54,30.66,27.20,0,1,6.18,1.50,7.66,10.00
852132565,1509.27,32.12,27.20,0,1,6.00,1.57,7.66,10.00
891661247,1571.50,33.07,27.20,0,1,6.24,1.62,7.66,10.00
894225740,1543.56,34.00,27.20,0,1,6.13,1.66,7.66,10.00
892621945,1567.95,34.74,27.20,0,1,6.23,1.70,7.66,10.00
888901002,1608.11,35.58,27.20,0,1,6.39,1.74,7.66,10.00
853621559,1518.38,37.14,27.20,0,1,6.03,1.82,7.66,10.00
894197994,1487.21,45.88,27.20,0,1,5.91,2.25,7.66,10.00
844406063,1603.64,47.07,27.20,0,1,6.37,2.30,7.66,10.00
894197996,1495.33,57.15,27.20,0,1,5.94,2.80,7.66,10.00
617560802,160.12,28.55,27.26,0,1,0.64,1.40,7.68,10.00
623276485,1018.55,25.12,27.56,0,1,4.05,1.23,7.77,10.00
958892781,5.33,4.19,28.28,0,1,0.02,0.20,7.99,10.00
236699724,6.14,5.25,28.28,0,1,0.02,0.25,7.99,10.00
960677072,8.22,6.11,28.28,0,1,0.03,0.29,7.99,10.00
495450736,5.95,6.45,28.28,0,1,0.02,0.31,7.99,10.00
958892780,11.94,7.43,28.28,0,1,0.05,0.36,7.99,10.00
632712015,9.75,7.94,28.28,0,1,0.04,0.38,7.99,10.00
956078682,3.70,3.41,28.45,0,1,0.01,0.16,8.04,10.00
995484353,3.00,3.52,28.45,0,1,0.01,0.17,8.04,10.00
632780585,4.94,5.61,28.45,0,1,0.02,0.27,8.04,10.00
849393477,2.86,6.48,28.45,0,1,0.01,0.31,8.04,10.00
38812433,894.43,18.54,29.24,0,1,3.55,0.90,8.29,10.00
51818253,880.33,14.10,29.29,0,1,3.50,0.69,8.30,10.00
38812410,882.00,21.24,29.29,0,1,3.50,1.04,8.30,10.00
544338822,897.73,25.55,29.29,0,1,3.57,1.25,8.30,10.00
544338820,882.00,43.10,29.29,0,1,3.50,2.11,8.30,10.00
617984997,719.58,34.70,29.44,0,1,2.86,1.70,8.35,10.00
795151673,287.24,39.42,29.44,0,1,1.14,1.93,8.35,10.00
964167742,479.28,51.26,29.44,0,1,1.90,2.51,8.35,10.00
960744744,16.10,9.31,29.48,0,1,0.06,0.45,8.36,10.00
622935701,20.57,11.18,29.48,0,1,0.08,0.54,8.36,10.00
957908293,291.71,38.37,29.65,0,1,1.16,1.88,8.41,10.00
485852850,40.50,9.30,29.85,0,1,0.16,0.45,8.47,10.00
618425508,276.00,57.74,31.06,0,1,1.10,2.83,8.84,10.00
383732178,18.43,9.41,33.58,0,1,0.07,0.46,9.61,10.00
292069527,15.13,3.99,20.08,460,0,0.06,0.19,5.49,1.27
222476236,9.08,3.00,10.97,435,0,0.04,0.14,2.72,1.75
49025893,12.58,5.62,21.34,435,0,0.05,0.27,5.88,1.75
65729737,16.57,5.06,25.70,421,0,0.07,0.24,7.21,2.01
622945709,26.28,4.92,23.12,415,0,0.10,0.24,6.42,2.13
813224299,16.13,6.55,25.70,415,0,0.06,0.32,7.21,2.13
284944304,17.86,4.60,19.70,404,0,0.07,0.22,5.38,2.33
65916459,9.58,3.33,20.06,389,0,0.04,0.16,5.49,2.62
30921651,16.26,4.95,28.88,364,0,0.06,0.24,8.18,3.09
101555315,8.74,3.43,28.46,361,0,0.03,0.16,8.05,3.15
237201475,24.28,5.43,14.06,358,0,0.10,0.26,3.66,3.21
180241332,9.90,3.57,27.08,339,0,0.04,0.17,7.63,3.57
254994083,6.66,4.63,27.08,321,0,0.03,0.22,7.63,3.91
254993626,6.51,4.63,27.08,320,0,0.03,0.22,7.63,3.93
254808246,4.45,3.47,16.78,314,0,0.02,0.17,4.49,4.04
134768405,16.18,4.26,25.70,310,0,0.06,0.20,7.21,4.12
237420285,24.72,6.40,14.06,308,0,0.10,0.31,3.66,4.16
88388653,13.32,4.18,21.74,308,0,0.05,0.20,6.00,4.16
232004581,7.12,4.67,27.08,287,0,0.03,0.22,7.63,4.55
101374637,19.05,4.85,23.15,285,0,0.08,0.23,6.43,4.59
405105328,8.83,3.28,27.08,282,0,0.03,0.16,7.63,4.65
136532817,24.79,7.88,19.30,276,0,0.10,0.38,5.26,4.76
796916985,33.89,11.07,23.44,276,0,0.13,0.54,6.52,4.76
25447946,4.37,3.55,16.78,275,0,0.02,0.17,4.49,4.78
383754673,28.98,4.94,30.91,268,0,0.12,0.24,8.79,4.91
235958905,27.87,6.96,19.84,259,0,0.11,0.34,5.42,5.09
807971362,30.75,9.08,25.46,259,0,0.12,0.44,7.13,5.09
30921568,13.18,4.12,28.45,251,0,0.05,0.20,8.04,5.24
31013945,20.41,5.62,29.48,251,0,0.08,0.27,8.36,5.24
265226534,19.45,6.01,14.06,239,0,0.08,0.29,3.66,5.46
240180806,20.03,6.58,14.06,235,0,0.08,0.32,3.66,5.54
453049852,10.94,4.12,18.97,231,0,0.04,0.20,5.15,5.62
136532850,11.05,4.99,19.75,226,0,0.04,0.24,5.39,5.71
635235956,8.59,3.76,25.70,225,0,0.03,0.18,7.21,5.73
288772747,12.37,3.07,13.30,219,0,0.05,0.15,3.43,5.84
901998684,8.50,4.07,25.70,219,0,0.03,0.19,7.21,5.84
45725410,19.19,6.29,18.62,217,0,0.08,0.30,5.05,5.88
103536167,13.60,10.18,28.55,217,0,0.05,0.49,8.07,5.88
495005540,7.24,2.68,13.21,211,0,0.03,0.13,3.40,6.00
173661083,38.40,6.47,17.17,211,0,0.15,0.31,4.61,6.00
794868098,18.40,5.03,24.31,211,0,0.07,0.24,6.78,6.00
237554524,11.21,4.93,16.26,209,0,0.04,0.24,4.33,6.03
792661329,32.47,7.88,28.20,209,0,0.13,0.38,7.97,6.03
1127501312,8.51,6.02,16.26,205,0,0.03,0.29,4.33,6.11
221601403,17.25,4.64,15.38,204,0,0.07,0.22,4.06,6.13
54173578,8.77,3.74,20.06,203,0,0.03,0.18,5.49,6.15
1127501311,9.43,5.02,16.26,202,0,0.04,0.24,4.33,6.17
276753165,25.90,7.85,17.49,201,0,0.10,0.38,4.71,6.19
257589335,17.28,4.96,24.31,201,0,0.07,0.24,6.78,6.19
400399813,9.01,6.20,16.26,200,0,0.04,0.30,4.33,6.20
48950848,8.77,3.02,21.94,199,0,0.03,0.14,6.06,6.22
768991894,15.33,3.56,15.09,198,0,0.06,0.17,3.97,6.24
803554957,17.98,4.64,23.87,198,0,0.07,0.22,6.65,6.24
702670195,9.26,4.79,11.61,197,0,0.04,0.23,2.91,6.26
191523684,9.44,5.03,16.26,197,0,0.04,0.24,4.33,6.26
1036188321,11.47,7.00,25.35,197,0,0.05,0.34,7.10,6.26
46513241,11.38,3.93,28.46,197,0,0.05,0.19,8.05,6.26
46513832,23.94,8.91,28.55,196,0,0.09,0.43,8.07,6.28
45731026,23.40,9.21,19.21,194,0,0.09,0.45,5.23,6.32
755605372,8.20,4.78,21.94,194,0,0.03,0.23,6.06,6.32
232005121,7.78,4.59,27.08,194,0,0.03,0.22,7.63,6.32
599134752,16.20,6.60,16.26,191,0,0.06,0.32,4.33,6.38
53015630,7.52,3.87,16.09,189,0,0.03,0.18,4.28,6.41
477345663,8.42,4.18,25.70,189,0,0.03,0.20,7.21,6.41
133758467,7.12,7.74,25.01,188,0,0.03,0.37,6.99,6.43
590644113,7.26,7.89,25.01,188,0,0.03,0.38,6.99,6.43
180899764,12.78,5.13,16.26,187,0,0.05,0.25,4.33,6.45
136545014,10.75,3.45,21.94,186,0,0.04,0.16,6.06,6.47
758560783,10.54,3.17,21.98,186,0,0.04,0.15,6.07,6.47
860371207,12.81,12.10,20.98,184,0,0.05,0.59,5.77,6.51
46513147,14.32,5.43,15.96,181,0,0.06,0.26,4.24,6.57
1201617887,7.37,3.65,21.94,181,0,0.03,0.17,6.06,6.57
169356480,8.52,3.57,20.06,180,0,0.03,0.17,5.49,6.58
400399818,12.24,5.27,16.26,178,0,0.05,0.25,4.33,6.62
794868096,12.34,5.46,24.31,177,0,0.05,0.26,6.78,6.64
255038901,22.72,6.71,20.98,176,0,0.09,0.32,5.77,6.66
259236612,16.56,3.77,24.31,176,0,0.07,0.18,6.78,6.66
495336912,10.88,3.58,20.71,175,0,0.04,0.17,5.69,6.68
180236853,4.92,3.81,13.14,174,0,0.02,0.18,3.38,6.70
169356490,9.65,2.83,18.18,173,0,0.04,0.13,4.92,6.72
759515835,13.28,13.11,20.98,173,0,0.05,0.64,5.77,6.72
575378200,9.89,5.08,21.61,172,0,0.04,0.24,5.96,6.74
255247641,4.80,3.95,13.14,170,0,0.02,0.19,3.38,6.77
370303861,7.64,3.21,28.46,170,0,0.03,0.15,8.05,6.77
136532824,11.85,8.11,19.30,169,0,0.05,0.39,5.26,6.79
52705494,8.29,3.69,16.78,167,0,0.03,0.18,4.49,6.83
255038894,14.19,6.13,25.70,167,0,0.06,0.30,7.21,6.83
101555323,8.35,7.14,18.62,166,0,0.03,0.35,5.05,6.85
90345659,5.00,5.15,11.61,165,0,0.02,0.25,2.91,6.87
837513233,19.41,4.32,17.11,165,0,0.08,0.21,4.59,6.87
259236611,16.86,4.09,24.31,165,0,0.07,0.20,6.78,6.87
232013875,25.25,9.27,25.70,165,0,0.10,0.45,7.21,6.87
136539866,12.17,3.90,22.16,164,0,0.05,0.19,6.13,6.89
88254100,12.73,5.03,25.70,163,0,0.05,0.24,7.21,6.91
798860842,9.44,3.73,18.18,162,0,0.04,0.18,4.92,6.93
750671633,7.90,3.76,17.00,160,0,0.03,0.18,4.56,6.96
378866236,10.36,3.48,23.24,160,0,0.04,0.17,6.46,6.96
288767788,11.10,3.18,13.50,158,0,0.04,0.15,3.49,7.00
136545037,10.16,3.45,18.18,158,0,0.04,0.16,4.92,7.00
494592354,7.00,3.78,21.94,158,0,0.03,0.18,6.06,7.00
1013708804,26.92,3.85,24.31,158,0,0.11,0.18,6.78,7.00
122159427,9.09,3.19,10.97,157,0,0.04,0.15,2.72,7.02
254822322,6.50,4.08,13.21,156,0,0.03,0.20,3.40,7.04
180200708,8.27,3.38,18.18,156,0,0.03,0.16,4.92,7.04
792265173,30.99,5.65,19.46,156,0,0.12,0.27,5.31,7.04
494625938,5.92,3.97,21.94,156,0,0.02,0.19,6.06,7.04
46513046,23.29,9.87,24.26,156,0,0.09,0.48,6.77,7.04
798199040,16.13,5.63,17.78,155,0,0.06,0.27,4.79,7.06
804877022,14.21,5.06,28.37,155,0,0.06,0.24,8.02,7.06
622668491,31.90,6.46,21.84,154,0,0.13,0.31,6.03,7.08
1030370662,10.49,4.46,27.08,154,0,0.04,0.21,7.63,7.08
757533347,9.08,4.06,11.61,151,0,0.04,0.19,2.91,7.13
1021357312,20.92,8.67,16.26,151,0,0.08,0.42,4.33,7.13
535928359,7.18,3.86,11.61,150,0,0.03,0.18,2.91,7.15
825015197,30.55,11.77,18.62,150,0,0.12,0.57,5.05,7.15
126226120,10.23,3.54,20.06,150,0,0.04,0.17,5.49,7.15
372424526,4.07,3.32,20.83,150,0,0.02,0.16,5.72,7.15
272363652,12.17,3.59,21.55,150,0,0.05,0.17,5.94,7.15
46512983,12.42,5.37,19.19,149,0,0.05,0.26,5.22,7.17
140354677,9.35,2.91,11.61,148,0,0.04,0.14,2.91,7.19
48951483,9.51,3.09,27.08,148,0,0.04,0.15,7.63,7.19
564635643,10.85,3.70,18.62,147,0,0.04,0.18,5.05,7.21
825015199,24.17,7.80,18.62,147,0,0.10,0.38,5.05,7.21
232005119,9.96,3.48,28.46,147,0,0.04,0.17,8.05,7.21
240180827,12.04,5.60,19.19,146,0,0.05,0.27,5.22,7.23
430073548,14.17,5.34,22.95,146,0,0.06,0.26,6.37,7.23
1013708810,19.41,4.36,28.28,146,0,0.08,0.21,7.99,7.23
453494952,7.45,3.18,28.46,145,0,0.03,0.15,8.05,7.25
622945699,21.90,4.20,29.48,144,0,0.09,0.20,8.36,7.27
254815420,7.86,3.18,13.21,143,0,0.03,0.15,3.40,7.29
254822688,6.69,4.53,13.21,143,0,0.03,0.22,3.40,7.29
53016404,8.17,3.49,16.78,143,0,0.03,0.17,4.49,7.29
825015189,2.86,5.08,18.62,143,0,0.01,0.24,5.05,7.29
1013660067,11.08,3.67,23.24,143,0,0.04,0.18,6.46,7.29
585847777,12.55,5.49,24.31,143,0,0.05,0.26,6.78,7.29
1021357314,21.67,8.51,16.26,142,0,0.09,0.41,4.33,7.31
232018990,17.09,4.81,24.31,142,0,0.07,0.23,6.78,7.31
133980817,5.79,5.43,18.18,141,0,0.02,0.26,4.92,7.32
378399005,15.25,4.06,29.48,141,0,0.06,0.19,8.36,7.32
136532846,10.65,7.58,16.26,140,0,0.04,0.37,4.33,7.34
90342311,8.81,3.86,16.39,140,0,0.03,0.18,4.37,7.34
1032948294,11.21,3.05,13.71,138,0,0.04,0.14,3.55,7.38
289321158,7.21,3.21,17.01,138,0,0.03,0.15,4.56,7.38
751644670,7.52,3.01,18.18,138,0,0.03,0.14,4.92,7.38
70535447,36.93,6.37,21.31,138,0,0.15,0.31,5.87,7.38
825710920,13.06,6.15,25.06,138,0,0.05,0.30,7.01,7.38
180240419,23.17,7.21,25.70,137,0,0.09,0.35,7.21,7.40
599134753,9.29,5.96,16.26,136,0,0.04,0.29,4.33,7.42
30932683,7.33,3.31,21.94,136,0,0.03,0.16,6.06,7.42
646382281,24.98,5.72,24.54,136,0,0.10,0.28,6.85,7.42
363225202,8.89,4.18,25.70,135,0,0.04,0.20,7.21,7.44
65733624,15.64,5.29,25.70,135,0,0.06,0.25,7.21,7.44
254822321,6.64,4.39,13.21,134,0,0.03,0.21,3.40,7.46
276735250,26.51,7.51,17.94,134,0,0.11,0.36,4.84,7.46
768991893,14.03,4.40,28.37,134,0,0.06,0.21,8.02,7.46
619381759,6.83,2.81,28.46,134,0,0.03,0.13,8.05,7.46
830045102,9.20,4.23,28.46,134,0,0.04,0.20,8.05,7.46
53015036,7.90,4.14,16.78,133,0,0.03,0.20,4.49,7.48
180311867,7.27,2.97,21.94,133,0,0.03,0.14,6.06,7.48
55488870,7.53,2.60,11.61,132,0,0.03,0.12,2.91,7.50
140127550,12.14,3.70,13.30,132,0,0.05,0.18,3.43,7.50
45725465,37.92,8.10,18.62,132,0,0.15,0.39,5.05,7.50
1008167392,10.05,4.25,25.70,132,0,0.04,0.20,7.21,7.50
1012209436,9.24,4.08,18.18,131,0,0.04,0.20,4.92,7.51
435422613,8.66,3.57,25.20,131,0,0.03,0.17,7.05,7.51
1014994366,11.11,5.44,18.97,130,0,0.04,0.26,5.15,7.53
289338471,9.56,3.12,21.98,130,0,0.04,0.15,6.07,7.53
585756181,10.93,5.61,22.13,130,0,0.04,0.27,6.12,7.53
270570589,24.40,10.86,17.11,129,0,0.10,0.53,4.59,7.55
255186339,11.26,5.98,19.75,129,0,0.04,0.29,5.39,7.55
630428434,5.51,3.79,21.94,129,0,0.02,0.18,6.06,7.55
254994087,5.00,3.94,28.46,129,0,0.02,0.19,8.05,7.55
751609984,6.76,4.59,28.46,129,0,0.03,0.22,8.05,7.55
90345670,7.58,4.17,11.61,128,0,0.03,0.20,2.91,7.57
216707922,9.50,3.16,17.01,128,0,0.04,0.15,4.56,7.57
363214996,13.26,6.44,25.70,128,0,0.05,0.31,7.21,7.57
290187666,42.11,7.71,15.39,127,0,0.17,0.37,4.07,7.59
744809411,38.84,8.15,17.72,126,0,0.15,0.39,4.77,7.61
136537471,9.92,5.21,23.24,125,0,0.04,0.25,6.46,7.63
90345663,9.26,2.97,11.61,124,0,0.04,0.14,2.91,7.65
294267744,9.12,3.39,21.94,124,0,0.04,0.16,6.06,7.65
240180784,12.84,6.39,25.06,124,0,0.05,0.31,7.01,7.65
89386161,7.50,3.75,28.46,124,0,0.03,0.18,8.05,7.65
265772992,29.00,4.64,14.06,123,0,0.12,0.22,3.66,7.67
1033861838,15.67,6.63,16.26,122,0,0.06,0.32,4.33,7.69
62022675,25.27,8.09,16.86,122,0,0.10,0.39,4.51,7.69
289337904,10.76,2.73,22.23,122,0,0.04,0.13,6.15,7.69
453494190,9.02,3.35,28.46,122,0,0.04,0.16,8.05,7.69
140354684,8.80,3.81,11.61,121,0,0.03,0.18,2.91,7.70
798022432,8.12,4.99,11.61,121,0,0.03,0.24,2.91,7.70
761168241,10.93,5.27,18.97,121,0,0.04,0.25,5.15,7.70
256265536,11.62,4.54,24.31,121,0,0.05,0.22,6.78,7.70
49013476,5.24,3.78,25.20,121,0,0.02,0.18,7.05,7.70
133977234,11.24,4.91,25.70,121,0,0.04,0.24,7.21,7.70
136532838,13.54,6.17,16.26,120,0,0.05,0.30,4.33,7.72
285884844,6.93,3.20,21.94,120,0,0.03,0.15,6.06,7.72
1018338141,10.93,3.30,23.24,120,0,0.04,0.16,6.46,7.72
207606993,10.39,2.52,25.70,120,0,0.04,0.12,7.21,7.72
622943526,11.88,3.25,25.70,120,0,0.05,0.15,7.21,7.72
684053915,8.08,3.61,27.08,120,0,0.03,0.17,7.63,7.72
48835306,6.40,5.51,28.46,120,0,0.03,0.27,8.05,7.72
310396878,16.62,7.05,29.48,120,0,0.07,0.34,8.36,7.72
236073182,12.58,3.77,16.26,119,0,0.05,0.18,4.33,7.74
289320864,7.67,2.52,17.01,119,0,0.03,0.12,4.56,7.74
798913578,8.71,2.94,18.18,119,0,0.03,0.14,4.92,7.74
983092198,10.24,3.83,20.71,119,0,0.04,0.18,5.69,7.74
746286151,8.28,2.73,21.94,119,0,0.03,0.13,6.06,7.74
1078451018,3.50,5.09,28.46,119,0,0.01,0.24,8.05,7.74
49133906,11.97,2.56,25.06,118,0,0.05,0.12,7.01,7.76
101555273,11.14,4.63,25.70,118,0,0.04,0.22,7.21,7.76
307938586,26.36,7.59,20.98,117,0,0.10,0.37,5.77,7.78
475140638,18.70,5.16,25.70,117,0,0.07,0.25,7.21,7.78
585847790,10.71,4.64,26.38,117,0,0.04,0.22,7.41,7.78
1016620265,20.32,4.22,28.28,117,0,0.08,0.20,7.99,7.78
453519242,8.17,2.93,28.46,117,0,0.03,0.14,8.05,7.78
90345653,9.08,5.01,11.61,116,0,0.04,0.24,2.91,7.80
45726323,17.15,4.24,17.11,116,0,0.07,0.20,4.59,7.80
133991766,11.86,3.85,20.83,116,0,0.05,0.18,5.72,7.80
1036712984,14.65,4.55,21.68,116,0,0.06,0.22,5.98,7.80
48950843,3.66,5.28,28.46,116,0,0.01,0.25,8.05,7.80
37040836,9.18,3.44,17.01,115,0,0.04,0.16,4.56,7.82
136532835,9.71,6.36,25.06,115,0,0.04,0.31,7.01,7.82
453496999,8.04,2.99,28.46,115,0,0.03,0.14,8.05,7.82
453474350,10.44,3.30,28.46,115,0,0.04,0.16,8.05,7.82
1043637186,12.54,4.37,28.45,114,0,0.05,0.21,8.04,7.84
851972841,16.07,4.45,28.45,114,0,0.06,0.21,8.04,7.84
239764322,2.37,4.11,31.39,114,0,0.01,0.20,8.94,7.84
619440375,6.68,4.34,13.21,113,0,0.03,0.21,3.40,7.86
1039016180,26.93,8.72,15.96,113,0,0.11,0.42,4.24,7.86
622600154,13.88,4.06,18.97,113,0,0.05,0.19,5.15,7.86
1013173731,19.88,4.52,19.30,113,0,0.08,0.22,5.26,7.86
755799944,7.90,4.29,21.94,113,0,0.03,0.21,6.06,7.86
640747019,6.19,4.09,28.46,113,0,0.02,0.20,8.05,7.86
288780494,6.38,4.26,28.46,113,0,0.03,0.20,8.05,7.86
881711074,6.38,4.76,28.46,113,0,0.03,0.23,8.05,7.86
180202675,7.75,3.35,21.94,112,0,0.03,0.16,6.06,7.87
136524832,35.03,8.87,24.61,112,0,0.14,0.43,6.87,7.87
88238928,17.51,6.31,16.26,111,0,0.07,0.30,4.33,7.89
46513122,6.15,3.72,21.94,111,0,0.02,0.18,6.06,7.89
180217541,8.08,4.72,21.94,111,0,0.03,0.23,6.06,7.89
825710918,10.83,4.70,26.38,111,0,0.04,0.23,7.41,7.89
383247830,21.00,9.39,31.39,110,0,0.08,0.46,8.94,7.91
49063135,24.77,8.58,15.16,109,0,0.10,0.42,3.99,7.93
25406195,9.65,4.36,18.78,109,0,0.04,0.21,5.10,7.93
96075226,3.18,2.72,20.83,109,0,0.01,0.13,5.72,7.93
622930810,18.22,4.74,25.70,109,0,0.07,0.23,7.21,7.93
881711070,6.42,4.05,28.46,109,0,0.03,0.19,8.05,7.93
895419551,8.83,4.88,11.61,108,0,0.03,0.23,2.91,7.95
1038662803,10.08,5.87,16.26,108,0,0.04,0.28,4.33,7.95
288148376,25.93,14.43,17.11,108,0,0.10,0.70,4.59,7.95
440733544,20.08,4.55,20.08,108,0,0.08,0.22,5.49,7.95
88532526,11.23,4.33,20.71,108,0,0.04,0.21,5.69,7.95
46513144,3.14,2.65,20.83,108,0,0.01,0.12,5.72,7.95
1007113838,8.27,3.88,21.94,108,0,0.03,0.19,6.06,7.95
180217542,8.17,4.27,21.94,108,0,0.03,0.20,6.06,7.95
1011679141,14.79,6.29,25.70,108,0,0.06,0.30,7.21,7.95
140354680,8.28,3.69,11.61,107,0,0.03,0.18,2.91,7.97
311112387,18.00,9.27,16.26,107,0,0.07,0.45,4.33,7.97
140126574,8.00,3.84,11.61,106,0,0.03,0.18,2.91,7.99
798022430,9.40,4.06,11.61,106,0,0.04,0.19,2.91,7.99
389548371,32.56,8.67,16.61,106,0,0.13,0.42,4.44,7.99
53017479,8.14,4.87,16.78,106,0,0.03,0.23,4.49,7.99
276753167,17.49,6.90,17.11,106,0,0.07,0.33,4.59,7.99
736473262,22.44,5.89,25.70,106,0,0.09,0.28,7.21,7.99
378399004,17.02,6.15,29.48,106,0,0.07,0.30,8.36,7.99
265226535,28.53,5.07,14.06,105,0,0.11,0.24,3.66,8.01
1101724957,27.40,8.80,19.30,105,0,0.11,0.43,5.26,8.01
254100552,8.31,3.04,24.31,105,0,0.03,0.14,6.78,8.01
738438317,19.48,7.67,25.70,105,0,0.08,0.37,7.21,8.01
236004498,6.63,5.94,28.46,105,0,0.03,0.29,8.05,8.01
825809756,8.22,3.48,16.09,104,0,0.03,0.17,4.28,8.03
915510123,1.66,3.66,16.26,104,0,0.01,0.17,4.33,8.03
494351378,16.83,5.88,19.30,104,0,0.07,0.28,5.26,8.03
221604576,19.93,3.94,24.31,104,0,0.08,0.19,6.78,8.03
539166092,22.68,6.21,29.48,104,0,0.09,0.30,8.36,8.03
1017790245,8.64,2.84,11.61,103,0,0.03,0.13,2.91,8.05
90346579,9.95,3.45,11.61,103,0,0.04,0.16,2.91,8.05
45726369,25.41,6.30,18.26,103,0,0.10,0.30,4.94,8.05
180233576,4.05,3.05,11.61,102,0,0.02,0.14,2.91,8.06
991855730,17.97,12.06,18.62,102,0,0.07,0.59,5.05,8.06
31855760,9.70,3.90,20.56,102,0,0.04,0.19,5.64,8.06
255398269,10.97,3.69,21.68,102,0,0.04,0.18,5.98,8.06
180350924,10.70,11.22,25.20,102,0,0.04,0.55,7.05,8.06
238699148,9.81,3.02,25.70,102,0,0.04,0.14,7.21,8.06
140355302,8.44,3.13,11.61,101,0,0.03,0.15,2.91,8.08
389526147,8.03,3.26,11.61,101,0,0.03,0.16,2.91,8.08
435272013,7.72,3.75,16.78,101,0,0.03,0.18,4.49,8.08
403245408,8.06,3.20,25.20,101,0,0.03,0.15,7.05,8.08
238699939,10.03,2.62,25.70,101,0,0.04,0.12,7.21,8.08
238698750,11.81,4.04,25.70,101,0,0.05,0.19,7.21,8.08
237552562,9.00,4.78,16.26,100,0,0.04,0.23,4.33,8.10
558716734,10.56,2.56,18.18,100,0,0.04,0.12,4.92,8.10
235573429,17.38,6.60,19.08,100,0,0.07,0.32,5.19,8.10
622627056,13.76,5.10,19.75,100,0,0.05,0.25,5.39,8.10
734401585,14.94,5.69,20.98,100,0,0.06,0.27,5.77,8.10
495106961,9.30,3.28,21.68,100,0,0.04,0.16,5.98,8.10
495106960,11.34,4.08,21.68,100,0,0.04,0.20,5.98,8.10
46513076,3.46,4.60,21.94,100,0,0.01,0.22,6.06,8.10
438428972,9.89,4.48,25.70,100,0,0.04,0.21,7.21,8.10
140163068,21.25,6.68,27.08,100,0,0.08,0.32,7.63,8.10
1015002637,5.95,4.19,28.46,100,0,0.02,0.20,8.05,8.10
619476707,3.83,4.22,13.14,99,0,0.02,0.20,3.38,8.12
46513204,8.47,6.33,13.30,99,0,0.03,0.31,3.43,8.12
169356468,11.25,3.40,18.18,99,0,0.04,0.16,4.92,8.12
1190558381,12.06,4.88,19.70,99,0,0.05,0.23,5.38,8.12
197825163,20.38,6.94,25.70,99,0,0.08,0.34,7.21,8.12
1021131245,8.26,3.01,13.21,98,0,0.03,0.14,3.40,8.14
288145237,35.84,11.77,13.90,98,0,0.14,0.57,3.61,8.14
288951462,1485.30,16.86,16.36,98,0,5.90,0.82,4.36,8.14
599124728,7.31,3.57,18.18,98,0,0.03,0.17,4.92,8.14
255398264,9.22,3.11,21.68,98,0,0.04,0.15,5.98,8.14
323571311,6.22,3.76,28.46,98,0,0.02,0.18,8.05,8.14
48951485,7.79,4.50,28.46,98,0,0.03,0.22,8.05,8.14
255177402,17.78,3.54,16.26,97,0,0.07,0.17,4.33,8.16
852781666,23.49,6.32,19.30,97,0,0.09,0.31,5.26,8.16
48932592,8.63,3.22,21.94,97,0,0.03,0.15,6.06,8.16
494617674,6.52,3.70,21.94,97,0,0.03,0.18,6.06,8.16
495208512,10.26,4.29,23.24,97,0,0.04,0.21,6.46,8.16
494183708,14.19,3.63,25.70,97,0,0.06,0.17,7.21,8.16
1021387212,10.32,3.89,28.45,97,0,0.04,0.19,8.04,8.16
97248961,5.21,4.90,11.61,96,0,0.02,0.24,2.91,8.18
289334181,9.23,3.03,17.00,96,0,0.04,0.14,4.56,8.18
623290392,21.46,4.69,19.30,96,0,0.09,0.22,5.26,8.18
46513992,14.51,4.04,21.68,96,0,0.06,0.19,5.98,8.18
65916441,9.63,3.47,21.94,96,0,0.04,0.17,6.06,8.18
235583245,11.26,4.91,22.13,96,0,0.04,0.24,6.12,8.18
525574964,15.09,3.52,25.70,96,0,0.06,0.17,7.21,8.18
133976248,10.67,3.83,25.70,96,0,0.04,0.18,7.21,8.18
238701029,8.32,9.28,16.78,95,0,0.03,0.45,4.49,8.20
310410313,36.85,6.19,19.84,95,0,0.15,0.30,5.42,8.20
566607807,7.91,3.51,25.70,95,0,0.03,0.17,7.21,8.20
566607806,7.84,3.74,25.70,95,0,0.03,0.18,7.21,8.20
255251239,8.48,3.15,13.21,94,0,0.03,0.15,3.40,8.22
440733606,24.54,6.03,29.48,94,0,0.10,0.29,8.36,8.22
46513032,5.13,6.24,11.61,93,0,0.02,0.30,2.91,8.24
619401730,17.76,5.23,13.50,93,0,0.07,0.25,3.49,8.24
495199228,10.73,5.46,16.26,93,0,0.04,0.26,4.33,8.24
891205642,7.63,4.72,19.47,93,0,0.03,0.23,5.31,8.24
255221519,5.98,4.96,19.47,93,0,0.02,0.24,5.31,8.24
935275795,12.26,2.80,21.68,93,0,0.05,0.13,5.98,8.24
90342315,8.41,3.73,16.09,92,0,0.03,0.18,4.28,8.25
304989380,9.24,3.62,18.18,92,0,0.04,0.17,4.92,8.25
775205806,12.92,5.06,18.65,92,0,0.05,0.24,5.06,8.25
757520581,6.93,4.32,21.94,92,0,0.03,0.21,6.06,8.25
65968625,6.15,3.76,28.46,92,0,0.02,0.18,8.05,8.25
288761314,12.12,3.53,6.85,91,0,0.05,0.17,1.46,8.27
25406196,8.57,6.06,11.61,91,0,0.03,0.29,2.91,8.27
207612272,6.87,3.70,13.21,91,0,0.03,0.18,3.40,8.27
955841116,24.90,6.79,18.62,91,0,0.10,0.33,5.05,8.27
991836438,12.08,8.33,18.62,91,0,0.05,0.40,5.05,8.27
288774919,9.66,3.82,20.83,91,0,0.04,0.18,5.72,8.27
1013685812,7.23,2.62,21.94,91,0,0.03,0.12,6.06,8.27
746286157,8.47,3.87,21.94,91,0,0.03,0.18,6.06,8.27
623290394,24.84,3.69,23.87,91,0,0.10,0.18,6.65,8.27
337030195,15.12,3.87,25.70,91,0,0.06,0.18,7.21,8.27
1192380637,11.74,4.11,28.46,91,0,0.05,0.20,8.05,8.27
1016501021,8.67,5.47,17.01,90,0,0.03,0.26,4.56,8.29
90342316,8.69,4.61,20.56,90,0,0.03,0.22,5.64,8.29
238701019,5.88,7.15,21.94,90,0,0.02,0.35,6.06,8.29
1012013615,9.87,4.08,23.24,90,0,0.04,0.20,6.46,8.29
622626297,8.10,4.27,23.24,90,0,0.03,0.20,6.46,8.29
405105333,3.89,3.56,25.20,90,0,0.02,0.17,7.05,8.29
133975777,11.21,3.70,25.70,90,0,0.04,0.18,7.21,8.29
140163062,19.65,5.91,25.70,90,0,0.08,0.28,7.21,8.29
323571309,7.58,3.07,28.46,90,0,0.03,0.15,8.05,8.29
759515643,6.82,5.35,11.61,89,0,0.03,0.26,2.91,8.31
101555318,14.23,6.79,18.62,89,0,0.06,0.33,5.05,8.31
904143500,16.14,13.39,18.62,89,0,0.06,0.65,5.05,8.31
270576091,27.04,8.87,19.54,89,0,0.11,0.43,5.33,8.31
236000746,7.23,2.77,21.94,89,0,0.03,0.13,6.06,8.31
197827533,10.89,3.32,27.08,89,0,0.04,0.16,7.63,8.31
754478291,7.55,3.77,28.46,89,0,0.03,0.18,8.05,8.31
140355310,8.10,2.76,11.61,88,0,0.03,0.13,2.91,8.33
619480541,5.97,3.60,13.07,88,0,0.02,0.17,3.36,8.33
618869479,7.93,2.94,13.21,88,0,0.03,0.14,3.40,8.33
30912686,10.00,3.45,13.21,88,0,0.04,0.16,3.40,8.33
857442655,14.12,9.27,16.26,88,0,0.06,0.45,4.33,8.33
235576710,19.51,5.36,17.78,88,0,0.08,0.26,4.79,8.33
48564387,7.50,3.48,21.94,88,0,0.03,0.17,6.06,8.33
798732324,14.77,5.30,25.70,88,0,0.06,0.25,7.21,8.33
1086178347,21.52,9.05,25.70,88,0,0.09,0.44,7.21,8.33
754478289,7.64,3.49,28.46,88,0,0.03,0.17,8.05,8.33
49014683,3.93,4.34,28.46,88,0,0.02,0.21,8.05,8.33
991855731,27.23,6.96,18.62,87,0,0.11,0.34,5.05,8.35
472215792,12.33,4.20,21.68,87,0,0.05,0.20,5.98,8.35
1038178342,9.10,6.97,21.94,87,0,0.04,0.34,6.06,8.35
438428973,9.55,3.54,21.94,87,0,0.04,0.17,6.06,8.35
101371004,17.65,4.73,15.09,86,0,0.07,0.23,3.97,8.37
475823435,10.50,3.96,16.26,86,0,0.04,0.19,4.33,8.37
1152605203,10.75,5.49,16.26,86,0,0.04,0.26,4.33,8.37
599114794,8.03,4.43,18.18,86,0,0.03,0.21,4.92,8.37
1039245065,16.72,5.28,29.48,86,0,0.07,0.25,8.36,8.37
481321275,9.56,5.79,16.26,85,0,0.04,0.28,4.33,8.39
389517080,9.08,4.49,17.00,85,0,0.04,0.22,4.56,8.39
209966306,17.52,10.82,17.78,85,0,0.07,0.53,4.79,8.39
802448945,15.20,7.77,18.62,85,0,0.06,0.38,5.05,8.39
453497389,7.15,3.18,20.83,85,0,0.03,0.15,5.72,8.39
49015799,6.51,3.92,21.94,85,0,0.03,0.19,6.06,8.39
751832085,11.03,5.73,19.75,84,0,0.04,0.28,5.39,8.41
30921650,8.41,2.88,21.94,84,0,0.03,0.14,6.06,8.41
180200929,8.24,3.10,21.94,84,0,0.03,0.15,6.06,8.41
630428437,6.45,3.40,21.94,84,0,0.03,0.16,6.06,8.41
49015797,6.37,5.32,21.94,84,0,0.03,0.26,6.06,8.41
272363649,9.26,6.15,23.24,84,0,0.04,0.30,6.46,8.41
483229024,10.54,6.98,23.24,84,0,0.04,0.34,6.46,8.41
255394021,9.93,5.23,25.06,84,0,0.04,0.25,7.01,8.41
133979289,10.70,4.05,25.70,84,0,0.04,0.19,7.21,8.41
735031824,7.17,4.80,28.46,84,0,0.03,0.23,8.05,8.41
140126570,8.52,3.57,11.61,83,0,0.03,0.17,2.91,8.43
520044197,10.38,3.93,18.18,83,0,0.04,0.19,4.92,8.43
477879985,20.79,6.86,19.30,83,0,0.08,0.33,5.26,8.43
1013173730,26.68,7.44,19.30,83,0,0.11,0.36,5.26,8.43
475807786,9.30,3.30,21.68,83,0,0.04,0.16,5.98,8.43
1011245150,5.54,3.22,21.94,83,0,0.02,0.15,6.06,8.43
136532839,10.48,4.68,23.24,83,0,0.04,0.22,6.46,8.43
542415842,16.39,2.67,25.70,83,0,0.07,0.13,7.21,8.43
535914537,7.29,3.16,28.46,83,0,0.03,0.15,8.05,8.43
1192845681,6.97,4.81,12.41,82,0,0.03,0.23,3.16,8.44
607559871,8.86,3.79,13.21,82,0,0.04,0.18,3.40,8.44
97252838,9.06,4.47,17.28,82,0,0.04,0.21,4.64,8.44
446981395,9.69,2.99,18.18,82,0,0.04,0.14,4.92,8.44
733479932,1.96,9.57,18.18,82,0,0.01,0.46,4.92,8.44
96073557,9.69,3.69,21.94,82,0,0.04,0.18,6.06,8.44
746835974,7.63,3.77,21.94,82,0,0.03,0.18,6.06,8.44
180345780,2.64,9.29,21.94,82,0,0.01,0.45,6.06,8.44
255207238,10.41,4.05,23.24,82,0,0.04,0.19,6.46,8.44
494325754,10.30,5.16,25.70,82,0,0.04,0.25,7.21,8.44
494176563,19.46,7.48,25.70,82,0,0.08,0.36,7.21,8.44
738438308,11.10,9.57,25.70,82,0,0.04,0.46,7.21,8.44
320816971,7.20,4.16,28.46,82,0,0.03,0.20,8.05,8.44
46513486,24.93,6.63,28.55,82,0,0.10,0.32,8.07,8.44
384989621,17.74,8.84,28.55,82,0,0.07,0.43,8.07,8.44
493894189,39.67,10.61,28.73,82,0,0.16,0.52,8.13,8.44
31029677,26.00,5.31,29.48,82,0,0.10,0.26,8.36,8.44
467799322,20.97,10.26,16.26,81,0,0.08,0.50,4.33,8.46
140126145,8.32,3.53,16.78,81,0,0.03,0.17,4.49,8.46
187481398,5.10,4.92,19.47,81,0,0.02,0.24,5.31,8.46
96073624,16.89,7.37,20.98,81,0,0.07,0.36,5.77,8.46
749332174,10.69,3.47,22.48,81,0,0.04,0.17,6.23,8.46
745193438,5.52,3.42,25.20,81,0,0.02,0.16,7.05,8.46
96073599,9.21,3.64,25.70,81,0,0.04,0.17,7.21,8.46
1020706319,12.15,4.02,25.70,81,0,0.05,0.19,7.21,8.46
1020706323,12.31,4.05,25.70,81,0,0.05,0.19,7.21,8.46
1021387215,10.38,4.13,28.45,81,0,0.04,0.20,8.04,8.46
619381758,7.10,3.41,28.46,81,0,0.03,0.16,8.05,8.46
51269814,8.62,3.96,19.47,80,0,0.03,0.19,5.31,8.48
734742290,6.19,3.53,21.94,80,0,0.02,0.17,6.06,8.48
403241947,5.23,3.56,21.94,80,0,0.02,0.17,6.06,8.48
494592351,6.36,3.66,21.94,80,0,0.03,0.17,6.06,8.48
383754672,53.20,12.18,23.27,80,0,0.21,0.59,6.47,8.48
254512504,8.60,4.63,25.70,80,0,0.03,0.22,7.21,8.48
207606991,10.26,5.70,25.70,80,0,0.04,0.27,7.21,8.48
132452812,20.48,7.36,25.70,80,0,0.08,0.36,7.21,8.48
236690712,22.86,5.23,28.28,80,0,0.09,0.25,7.99,8.48
535899933,5.85,3.55,28.46,80,0,0.02,0.17,8.05,8.48
446961815,16.13,4.49,16.26,79,0,0.06,0.22,4.33,8.50
770860919,11.74,5.34,16.26,79,0,0.05,0.26,4.33,8.50
133758979,11.75,8.73,18.62,79,0,0.05,0.42,5.05,8.50
48932597,8.88,2.84,21.94,79,0,0.04,0.13,6.06,8.50
435430971,7.44,3.48,21.94,79,0,0.03,0.17,6.06,8.50
49397289,10.16,3.50,21.94,79,0,0.04,0.17,6.06,8.50
490280554,9.62,3.51,21.94,79,0,0.04,0.17,6.06,8.50
255394019,13.49,4.52,28.45,79,0,0.05,0.22,8.04,8.50
140355303,7.07,3.16,11.61,78,0,0.03,0.15,2.91,8.52
435594437,10.35,4.78,18.18,78,0,0.04,0.23,4.92,8.52
136524843,23.71,9.32,18.62,78,0,0.09,0.45,5.05,8.52
497338470,18.77,5.01,19.30,78,0,0.07,0.24,5.26,8.52
497338469,18.02,5.20,19.30,78,0,0.07,0.25,5.26,8.52
90342306,9.25,3.75,20.56,78,0,0.04,0.18,5.64,8.52
453496485,5.85,3.06,20.83,78,0,0.02,0.15,5.72,8.52
133976154,9.93,4.55,25.70,78,0,0.04,0.22,7.21,8.52
235579353,22.80,6.32,28.45,78,0,0.09,0.31,8.04,8.52
875061530,37.48,12.00,28.99,78,0,0.15,0.58,8.21,8.52
130306163,9.96,4.37,11.61,77,0,0.04,0.21,2.91,8.54
486400873,10.69,4.59,18.18,77,0,0.04,0.22,4.92,8.54
223944294,5.89,5.95,18.62,77,0,0.02,0.29,5.05,8.54
477870146,20.86,10.15,19.30,77,0,0.08,0.49,5.26,8.54
180202531,5.81,4.01,21.94,77,0,0.02,0.19,6.06,8.54
48927859,9.20,4.28,21.94,77,0,0.04,0.20,6.06,8.54
754990866,10.46,4.71,21.98,77,0,0.04,0.23,6.07,8.54
216653205,10.56,4.99,23.54,77,0,0.04,0.24,6.55,8.54
236000459,9.46,3.26,25.70,77,0,0.04,0.16,7.21,8.54
49133458,14.96,4.07,28.45,77,0,0.06,0.19,8.04,8.54
435594436,10.04,3.30,28.46,77,0,0.04,0.16,8.05,8.54
453495825,7.93,3.39,28.46,77,0,0.03,0.16,8.05,8.54
372947641,6.38,4.79,28.46,77,0,0.03,0.23,8.05,8.54
30921534,18.12,3.88,29.48,77,0,0.07,0.19,8.36,8.54
136524840,33.15,9.20,31.39,77,0,0.13,0.45,8.94,8.54
1007090945,8.92,10.06,11.61,76,0,0.04,0.49,2.91,8.56
310658646,18.32,6.96,13.30,76,0,0.07,0.34,3.43,8.56
235586653,14.96,4.94,16.26,76,0,0.06,0.24,4.33,8.56
435456365,8.33,3.67,17.00,76,0,0.03,0.18,4.56,8.56
154317411,24.21,5.16,18.26,76,0,0.10,0.25,4.94,8.56
483020111,6.41,3.21,20.83,76,0,0.03,0.15,5.72,8.56
581476738,6.21,4.75,21.94,76,0,0.02,0.23,6.06,8.56
911805669,9.46,3.09,21.98,76,0,0.04,0.15,6.07,8.56
161705456,17.64,3.71,24.31,76,0,0.07,0.18,6.78,8.56
858150648,13.03,5.11,25.35,76,0,0.05,0.25,7.10,8.56
794940653,42.00,10.08,27.89,76,0,0.17,0.49,7.87,8.56
232005126,9.30,2.64,28.46,76,0,0.04,0.12,8.05,8.56
383961554,32.26,6.53,28.73,76,0,0.13,0.32,8.13,8.56
542412971,4.47,5.77,31.39,76,0,0.02,0.28,8.94,8.56
1013677763,7.90,2.70,13.21,75,0,0.03,0.13,3.40,8.58
734694850,9.53,3.22,13.21,75,0,0.04,0.15,3.40,8.58
130303647,12.70,3.24,13.26,75,0,0.05,0.15,3.41,8.58
31517986,9.08,3.20,17.01,75,0,0.04,0.15,4.56,8.58
180345483,8.92,2.24,18.18,75,0,0.04,0.11,4.92,8.58
294267740,6.84,2.91,18.18,75,0,0.03,0.14,4.92,8.58
383051728,23.55,6.79,18.26,75,0,0.09,0.33,4.94,8.58
435276222,4.23,5.69,21.94,75,0,0.02,0.27,6.06,8.58
238701023,6.04,7.43,21.94,75,0,0.02,0.36,6.06,8.58
363220211,10.04,3.16,25.70,75,0,0.04,0.15,7.21,8.58
607226681,9.83,5.47,25.70,75,0,0.04,0.26,7.21,8.58
734693389,21.76,8.19,31.39,75,0,0.09,0.40,8.94,8.58
1106775266,4.11,3.28,11.61,74,0,0.02,0.16,2.91,8.60
96075195,5.19,1.92,13.21,74,0,0.02,0.09,3.40,8.60
50905193,11.68,3.74,13.26,74,0,0.05,0.18,3.41,8.60
277902973,9.96,3.31,18.18,74,0,0.04,0.16,4.92,8.60
564635639,9.00,3.93,18.62,74,0,0.04,0.19,5.05,8.60
644306252,32.90,6.47,21.84,74,0,0.13,0.31,6.03,8.60
49015824,3.86,2.50,21.94,74,0,0.02,0.12,6.06,8.60
48893725,7.48,3.88,21.94,74,0,0.03,0.19,6.06,8.60
289334185,10.51,3.05,22.48,74,0,0.04,0.14,6.23,8.60
1169324794,8.35,4.39,25.70,74,0,0.03,0.21,7.21,8.60
1030370661,8.23,3.57,28.46,74,0,0.03,0.17,8.05,8.60
754729210,7.08,4.39,28.46,74,0,0.03,0.21,8.05,8.60
734693387,1.40,3.56,31.39,74,0,0.01,0.17,8.94,8.60
90346583,8.76,3.70,11.61,73,0,0.03,0.18,2.91,8.61
1013708806,17.32,4.55,15.09,73,0,0.07,0.22,3.97,8.61
632712480,24.28,6.04,15.09,73,0,0.10,0.29,3.97,8.61
191523678,14.04,6.58,16.26,73,0,0.06,0.32,4.33,8.61
438428962,11.15,3.46,18.18,73,0,0.04,0.16,4.92,8.61
29548192,6.42,3.97,19.47,73,0,0.03,0.19,5.31,8.61
435289862,7.96,2.82,20.83,73,0,0.03,0.13,5.72,8.61
581460276,9.26,4.40,21.94,73,0,0.04,0.21,6.06,8.61
475823421,9.07,6.01,23.24,73,0,0.04,0.29,6.46,8.61
469893271,21.80,8.65,25.26,73,0,0.09,0.42,7.07,8.61
65729738,15.42,5.46,25.70,73,0,0.06,0.26,7.21,8.61
535911857,6.32,3.70,28.46,73,0,0.02,0.18,8.05,8.61
798821138,15.71,4.72,15.09,72,0,0.06,0.23,3.97,8.63
51808239,24.25,4.06,18.26,72,0,0.10,0.19,4.94,8.63
798444199,3.64,4.76,18.62,72,0,0.01,0.23,5.05,8.63
722738523,8.26,4.27,18.78,72,0,0.03,0.20,5.10,8.63
622916309,26.94,6.77,19.30,72,0,0.11,0.33,5.26,8.63
216707170,8.39,6.17,19.47,72,0,0.03,0.30,5.31,8.63
1018495168,11.46,3.76,23.24,72,0,0.05,0.18,6.46,8.63
49133456,13.42,5.77,28.45,72,0,0.05,0.28,8.04,8.63
190142881,8.15,3.83,28.46,72,0,0.03,0.18,8.05,8.63
460008798,19.00,6.50,29.48,72,0,0.08,0.31,8.36,8.63
475814570,9.22,4.19,16.26,71,0,0.04,0.20,4.33,8.65
798201247,8.60,3.09,17.00,71,0,0.03,0.15,4.56,8.65
849278165,2.45,4.33,18.62,71,0,0.01,0.21,5.05,8.65
991842527,14.40,8.89,18.62,71,0,0.06,0.43,5.05,8.65
1016265049,33.81,7.55,19.30,71,0,0.13,0.37,5.26,8.65
495208509,8.42,5.06,20.71,71,0,0.03,0.24,5.69,8.65
49023909,5.43,5.29,21.94,71,0,0.02,0.25,6.06,8.65
1013072866,12.22,3.62,22.40,71,0,0.05,0.17,6.20,8.65
49139865,10.10,5.94,25.06,71,0,0.04,0.29,7.01,8.65
389548373,23.57,6.22,26.20,71,0,0.09,0.30,7.36,8.65
1014125923,12.54,4.30,28.46,71,0,0.05,0.21,8.05,8.65
759729163,7.08,5.48,28.46,71,0,0.03,0.26,8.05,8.65
497632427,22.08,6.69,29.48,71,0,0.09,0.32,8.36,8.65
1036541905,12.80,7.07,31.39,71,0,0.05,0.34,8.94,8.65
24953065,8.12,3.96,11.61,70,0,0.03,0.19,2.91,8.67
852314040,5.43,4.94,11.61,70,0,0.02,0.24,2.91,8.67
552418646,8.30,4.43,12.58,70,0,0.03,0.21,3.21,8.67
453492158,6.27,4.77,13.21,70,0,0.02,0.23,3.40,8.67
992501482,4.24,3.40,16.78,70,0,0.02,0.16,4.49,8.67
96073591,11.38,3.89,18.18,70,0,0.05,0.19,4.92,8.67
180345486,6.83,4.18,18.18,70,0,0.03,0.20,4.92,8.67
538979027,35.20,10.85,18.26,70,0,0.14,0.53,4.94,8.67
622675567,10.19,3.16,19.74,70,0,0.04,0.15,5.39,8.67
482585459,9.83,3.87,20.71,70,0,0.04,0.18,5.69,8.67
435421157,5.89,4.06,21.94,70,0,0.02,0.19,6.06,8.67
435435308,9.00,4.24,21.94,70,0,0.04,0.20,6.06,8.67
48932594,9.04,5.17,21.94,70,0,0.04,0.25,6.06,8.67
161705447,20.75,4.75,24.31,70,0,0.08,0.23,6.78,8.67
49015802,6.88,2.97,25.20,70,0,0.03,0.14,7.05,8.67
896039580,10.43,3.28,25.70,70,0,0.04,0.16,7.21,8.67
607226659,10.77,5.10,25.70,70,0,0.04,0.25,7.21,8.67
1027367167,22.52,7.06,25.70,70,0,0.09,0.34,7.21,8.67
254481016,27.48,8.59,27.08,70,0,0.11,0.42,7.63,8.67
48951581,8.70,2.94,28.46,70,0,0.03,0.14,8.05,8.67
383732184,40.19,11.47,28.73,70,0,0.16,0.56,8.13,8.67
378399009,14.88,6.46,29.48,70,0,0.06,0.31,8.36,8.67
140355306,7.04,3.13,11.61,69,0,0.03,0.15,2.91,8.69
435599462,10.28,3.18,11.61,69,0,0.04,0.15,2.91,8.69
495202253,12.97,8.20,16.26,69,0,0.05,0.40,4.33,8.69
622587673,6.69,3.58,18.18,69,0,0.03,0.17,4.92,8.69
497614944,18.69,5.27,19.59,69,0,0.07,0.25,5.35,8.69
309708597,25.96,9.53,19.84,69,0,0.10,0.46,5.42,8.69
288045786,31.33,5.45,21.31,69,0,0.12,0.26,5.87,8.69
435276219,7.10,4.48,21.94,69,0,0.03,0.21,6.06,8.69
758560782,7.65,3.26,21.98,69,0,0.03,0.16,6.07,8.69
177626193,19.00,3.76,23.87,69,0,0.08,0.18,6.65,8.69
232007939,11.78,7.15,25.24,69,0,0.05,0.35,7.07,8.69
494573098,8.70,2.48,25.70,69,0,0.03,0.12,7.21,8.69
46513036,9.57,3.05,25.70,69,0,0.04,0.14,7.21,8.69
896039579,10.48,3.18,25.70,69,0,0.04,0.15,7.21,8.69
733488650,9.76,3.98,25.70,69,0,0.04,0.19,7.21,8.69
607226665,13.11,4.08,25.70,69,0,0.05,0.20,7.21,8.69
197827530,22.67,5.18,25.70,69,0,0.09,0.25,7.21,8.69
276715030,10.43,3.67,28.46,69,0,0.04,0.17,8.05,8.69
756853516,6.63,5.63,28.46,69,0,0.03,0.27,8.05,8.69
702670191,9.19,3.88,11.61,68,0,0.04,0.19,2.91,8.71
1014125921,11.96,2.73,13.21,68,0,0.05,0.13,3.40,8.71
97248957,8.89,3.97,16.09,68,0,0.04,0.19,4.28,8.71
991855729,5.08,6.57,18.62,68,0,0.02,0.32,5.05,8.71
622962301,26.36,6.74,19.84,68,0,0.10,0.33,5.42,8.71
469892516,34.84,10.60,23.12,68,0,0.14,0.52,6.42,8.71
236949319,16.73,3.80,24.31,68,0,0.07,0.18,6.78,8.71
558716746,12.65,2.88,25.70,68,0,0.05,0.14,7.21,8.71
558716730,11.52,3.92,25.70,68,0,0.05,0.19,7.21,8.71
238698747,9.74,4.08,25.70,68,0,0.04,0.20,7.21,8.71
607226666,14.96,4.62,25.70,68,0,0.06,0.22,7.21,8.71
759728679,9.17,5.09,25.70,68,0,0.04,0.24,7.21,8.71
132451707,19.57,7.48,25.70,68,0,0.08,0.36,7.21,8.71
1032948282,6.39,3.99,28.46,68,0,0.03,0.19,8.05,8.71
622555030,4.87,3.95,11.61,67,0,0.02,0.19,2.91,8.73
598833654,6.33,4.10,11.61,67,0,0.03,0.20,2.91,8.73
280599394,9.28,3.67,13.21,67,0,0.04,0.17,3.40,8.73
747294917,17.28,4.68,15.09,67,0,0.07,0.22,3.97,8.73
46512935,28.34,8.08,17.89,67,0,0.11,0.39,4.82,8.73
1021025336,9.61,3.97,20.56,67,0,0.04,0.19,5.64,8.73
255038892,16.95,5.98,20.98,67,0,0.07,0.29,5.77,8.73
398868147,3.58,7.77,21.94,67,0,0.01,0.38,6.06,8.73
90475914,8.98,3.67,21.98,67,0,0.04,0.18,6.07,8.73
622626730,13.96,4.34,23.24,67,0,0.06,0.21,6.46,8.73
473721938,18.90,4.84,24.31,67,0,0.07,0.23,6.78,8.73
405144482,27.72,5.95,24.31,67,0,0.11,0.29,6.78,8.73
427591191,30.23,5.86,25.43,67,0,0.12,0.28,7.12,8.73
635235954,9.68,4.30,25.70,67,0,0.04,0.21,7.21,8.73
101555322,9.12,3.80,28.46,67,0,0.04,0.18,8.05,8.73
48951487,9.45,4.12,28.46,67,0,0.04,0.20,8.05,8.73
1030370660,8.52,4.65,28.46,67,0,0.03,0.22,8.05,8.73
1127434003,3.00,4.66,31.39,67,0,0.01,0.22,8.94,8.73
310526358,16.75,10.00,31.39,67,0,0.07,0.49,8.94,8.73
378284407,999.27,21.29,9.83,66,0,3.97,1.04,2.37,8.75
134786985,2.65,3.33,11.61,66,0,0.01,0.16,2.91,8.75
435456722,3.80,4.09,11.61,66,0,0.01,0.20,2.91,8.75
435272010,6.21,4.31,11.61,66,0,0.02,0.21,2.91,8.75
453501017,7.14,3.55,13.21,66,0,0.03,0.17,3.40,8.75
90342312,7.52,4.23,16.09,66,0,0.03,0.20,4.28,8.75
90342313,8.91,4.37,16.09,66,0,0.04,0.21,4.28,8.75
236074529,28.38,7.23,19.30,66,0,0.11,0.35,5.26,8.75
53012547,8.74,3.16,19.47,66,0,0.03,0.15,5.31,8.75
1013072868,14.65,5.85,21.68,66,0,0.06,0.28,5.98,8.75
1038667231,12.18,4.13,21.77,66,0,0.05,0.20,6.01,8.75
494592353,7.27,3.89,21.94,66,0,0.03,0.19,6.06,8.75
1036224427,9.00,3.24,21.94,66,0,0.04,0.15,6.06,8.75
495208514,10.38,3.69,23.24,66,0,0.04,0.18,6.46,8.75
271049988,35.35,5.86,23.43,66,0,0.14,0.28,6.52,8.75
485558748,15.17,4.63,24.31,66,0,0.06,0.22,6.78,8.75
